S No,Name of the Content,Drive Link,Category,Language
1,Birbal finds the thief,https://drive.google.com/file/d/1ZfXk33TMfWf_WZ84NXl-xrF_eg-ARAfR/view?usp=drive_link,Stories,English
2,Story of Friends,https://drive.google.com/file/d/1koENOMlrAmIuviunWOh1aGUU5d_jdPb-/view?usp=drive_link,Stories,English
3,The Camel and the cunning Fox,https://drive.google.com/file/d/1YILmi5Gx7e7ZiNnzbnI5ApqWTdaPsWWg/view?usp=drive_link,Stories,English
4,The Crane and the Crab,https://drive.google.com/file/d/1TD_qSNDi_7oUFQzFwL7nWho9YR25aT5g/view?usp=drive_link,Stories,English
5,The Miser- A rich man,https://drive.google.com/file/d/1n-Oxkgtqe6n3ONuO0CE9f13n_X11LQFI/view?usp=drive_link,Stories,English
6,The Umbrella,https://drive.google.com/file/d/1I0sflVLa_vv4gxjoW94IxTxA617RzVyj/view?usp=drive_link,Stories,English
7,Why the Donkey won't move,https://drive.google.com/file/d/1iN6v_Qc0Iy6ADAx8Z3pLYK_DPmwWjkID/view?usp=drive_link,Stories,English
8,Brave Hearts,https://drive.google.com/file/d/12Mif0YyySOeOj0-Zl9_yOrZHQ83mA07M/view?usp=drive_link,Stories,English
9,Can you fly,https://drive.google.com/file/d/1wBphRvpMnij6Wh0r8NaSCIr0Owz9ieuM/view?usp=drive_link,Stories,English
10,Goose with the golden egg,https://drive.google.com/file/d/1nVLDzaiQZOxqfRZeacaqMPdmpeY_LWXj/view?usp=drive_link,Stories,English
11,Homes,https://drive.google.com/file/d/1jMv-69vSifbFDgKSK65BuTEbcJecsnuA/view?usp=drive_link,Stories,English
12,Let's Swim,https://drive.google.com/file/d/1uW_WUv4p0sBPsgdULN5fMz_z5JVBrWns/view?usp=drive_link,Stories,English
13,The Fox and the Crow,https://drive.google.com/file/d/1hY6v-nnJnhqSGf7mZsAS_5vMzW-M-1rP/view?usp=drive_link,Stories,English
14,The Lion and the Mouse,https://drive.google.com/file/d/1BEcXuX3lsLH8DmdmX-3zIQO3TzcBl5zf/view?usp=drive_link,Stories,English
15,Rabbit and Turtle,https://drive.google.com/file/d/18MuLtA7q7QbWNXGJFYEHvMeyYrJ1bWM-/view?usp=drive_link,Stories,English
16,Story of a Tinker,https://drive.google.com/file/d/1YvWRbO4yyAEGOrxX5TQvsBrmtPHQh0AP/view?usp=drive_link,Stories,English
17,Story of a mischievious Crow,https://drive.google.com/file/d/1j3Z2IwFic0OFdAosJkZIlWXc_gyJ5QYE/view?usp=drive_link,Stories,English
18,The Guests,https://drive.google.com/file/d/1gx25Incin7ZKDQPyyEzPz3wFo6ie6He0/view?usp=drive_link,Stories,English
19,The Lion and the Buffaloes,https://drive.google.com/file/d/1sC0VkjsMRxZw0LrugSkzOd1fIfpGyMmC/view?usp=drive_link,Stories,English
20,The Race,https://drive.google.com/file/d/1ckNMFcXiRP-WSE01dnCv3YRmkw4jqh0O/view?usp=drive_link,Stories,English
21,Cathcth me if you can,https://drive.google.com/file/d/1pEW-jcNPVBcuQW2Z-U5vzmOchvimQzT5/view?usp=drive_link,Stories,English
22,My Name,https://drive.google.com/file/d/1Ygmex6j9byPCU8Nzb1UxpvepDZQZ7WuD/view?usp=drive_link,Stories,English
23,Seeing without seeing,https://drive.google.com/file/d/1ztDUnj1DmA0rqOsthFzpngdj4Gx5dlpn/view?usp=drive_link,Stories,English
24,The Smart Monkey,https://drive.google.com/file/d/1aXxh3ymxmeZWwJhedGUF5SlzqAQN_Hv4/view?usp=drive_link,Stories,English
25,The Sparrow Family,https://drive.google.com/file/d/17FCF4AgJVoc_wCNZ6LIqaiFL_z1fM332/view?usp=drive_link,Stories,English
26,Come Back Soon,https://drive.google.com/file/d/1Dl8wP6trj1oeVmkQ2c-1pxkmVdrEilRL/view?usp=drive_link,Songs,English
27,It Is Fun,https://drive.google.com/file/d/1huKZYmpSng8QkSKJT8UkYDF2BxhKyI7E/view?usp=drive_link,Songs,English
28,My Bicycle,https://drive.google.com/file/d/14S7GjCpHeluk_JiPEmU7QIrNvnV2MuDx/view?usp=drive_link,Songs,English
29,Little drops of Water,https://drive.google.com/file/d/1JF12ZRqZ3cBaaeuown3vZkjFslcfKYuZ/view?usp=drive_link,Songs,English
30,The Crow,https://drive.google.com/file/d/1Z4R8OOs0SarzBYSohGA3X2P8cEZKDgo7/view?usp=drive_link,Songs,English
31,Show of Clouds (As I Lie),https://drive.google.com/file/d/1I4WBFkVur1Ik4_znyMl1k8nocEcOrFxX/view?usp=drive_link,Songs,English
32,Track 1 Bangla PoemPoem Rhymes for eJadui Pitara,https://drive.google.com/file/d/1r6FqDzfJ0x5sGyZNzZ3r1k62CGMP9R1M/view?usp=drive_link,Songs,Bengali
33,Track 2 Bangla Poem Rhymes for eJadui Pitara,https://drive.google.com/file/d/1PyNM8J1NY6yvpbwALKsuNG87k0D9T8PA/view?usp=drive_link,Songs,Bengali
34,Track 3 Bangla Poem Rhymes for eJadui Pitara,https://drive.google.com/file/d/1EIpcimcNz_igsHIWMtsv8lbsxn1LFqBi/view?usp=drive_link,Songs,Bengali
35,Track 4 Bangla Poem Rhymes for eJadui Pitara,https://drive.google.com/file/d/18peBHnjO25nB8aoOPt2oRa9rvgdq828u/view?usp=drive_link,Songs,Bengali
36,Track 5 Bangla Poem Rhymes for eJadui Pitara,https://drive.google.com/file/d/16A6wt33ekuccwCwB1g_pW5Koqm05AWrg/view?usp=drive_link,Songs,Bengali
37,Track 6 Bangla Poem Rhymes for eJadui Pitara,https://drive.google.com/file/d/1JcZZigQMYeG55D83wHj-Ey5-_-QlOQuS/view?usp=drive_link,Songs,Bengali
38,Track 7 English Poem Rhymes for eJadui Pitara,https://drive.google.com/file/d/1FK_dujisEmGGQv5hGiYnv4YSs3zdM_OY/view?usp=drive_link,Rhymes,English
39,Track 8 Hindi Poem Rhymes for eJadui Pitara Pd,https://drive.google.com/file/d/1jMkfpXy159OEOwkiDywV9gUN23WppNLb/view?usp=drive_link,Rhymes,Hindi
40,Track 9 Hindi Poem Rhymes for eJadui Pitara,https://drive.google.com/file/d/1jMkfpXy159OEOwkiDywV9gUN23WppNLb/view?usp=drive_link,Rhymes,Hindi
41,Track 10 Hindi Poem Rhymes for eJadui Pitara,https://drive.google.com/file/d/1RCoVp8opOVpyJ31D_adGpxP_wc1PejBN/view?usp=drive_link,Rhymes,Hindi
42,Track 11 Hindi Poem Rhymes for eJadui Pitara,https://drive.google.com/file/d/1eQw2pUpvNBwj3TFA-6xVVmM71PPBTvZP/view?usp=drive_link,Rhymes,Hindi
43,"Track 12 English Poem Rhymes for eJadui Pitara
I Am a Musician",https://drive.google.com/file/d/1PiHJ22bg1NevN0s7FXUfrTjKrO_lXNcU/view?usp=drive_link,Rhymes,English
44,"Track 13 Hindi Poem Rhymes for eJadui Pitara
Aao Karein Daant Mein Manjan",https://drive.google.com/file/d/1JCd8HR-jkjh_3tbJDautHFumT9PiEUb1/view?usp=drive_link,Rhymes,Hindi
45,Track 14 Hindi Poem Rhymes for eJadui Pitara Kisne Bataya Titliyon Ko,https://drive.google.com/file/d/1B0XlnDMNwIcATXihXBkRKZ_5HyVthz5N/view?usp=drive_link,Rhymes,Hindi
46,"Track 15 English Poem Rhymes for eJadui Pitara
 My pigeons",https://drive.google.com/file/d/10LBXxZxW7MPtGzwc_4HI2j4LulVIGNbH/view?usp=drive_link,Rhymes,English
47,"Track 16 English Poem Rhymes for eJadui Pitara
open a garden",https://drive.google.com/file/d/1MSO0i0Gnj20TVa515UECM47o6Fdt97r_/view?usp=drive_link,Rhymes,English
48,"Track 17 English Poem Rhymes for eJadui Pitara
I Have dolly",https://drive.google.com/file/d/1iv_IYN6hvUOYbuyYUH5165AgMYfAd80x/view?usp=drive_link,Rhymes,English
49,"Track 18 English Poem Rhymes for eJadui Pitara
Clap ! Clap ! Clap",https://drive.google.com/file/d/1nTNg6waNEGBz6DX7ug6j5uUQBVOYTFM8/view?usp=drive_link,Rhymes,English
50,"Track 19 English Poem Rhymes for eJadui Pitara 
O Mcdonalad eea eea oo",https://drive.google.com/file/d/1Y6ArhNN3yFjCGA9-Bi3ZrIRR_A7Ehfq3/view?usp=drive_link,Rhymes,English
51,"Track 20 English Poem Rhymes for eJadui Pitara
 Here we go round",https://drive.google.com/file/d/1xnoBjAZ5B0nqkw2sXDzvf7wxOZzoA0Z3/view?usp=drive_link,Rhymes,English
52,"Track 21 Hindi Poem Rhymes for eJadui Pitara
Nanhe Munne Hum Kehlate",https://drive.google.com/file/d/1ERI2nffkFY-md5Qae4q0LmOeSYykXYWV/view?usp=drive_link,Rhymes,Hindi
53,"Track 22 English Poem Rhymes for eJadui Pitara 
The Wheel on the Bus",https://drive.google.com/file/d/1I4KuhBFiiZ7nh7lW7KqaS22qNtLRCyA2/view?usp=drive_link,Rhymes,English
54,"Track 23 English Poem Rhymes for eJadui Pitara
You put your left hand in",https://drive.google.com/file/d/1gBwF0DDYuvyrI8WkFNVIT9Jlu_sVAYLQ/view?usp=drive_link,Rhymes,English
55,"Track 24 Hindi Poem Rhymes for eJadui Pitara 
Chidiya Laayi gaana",https://drive.google.com/file/d/1kYKgpoJEjrczFOkmvzxlYzsWkXq-ue2x/view?usp=drive_link,Rhymes,Hindi
56,"Track 25 Hindi Poem Rhymes for eJadui Pitara
 Bandar Ki Shadi Mein Jaenge",https://drive.google.com/file/d/1o3KqZnhCW6AK6V9gM5r0sqCh4H5byNB8/view?usp=drive_link,Rhymes,Hindi
57,"Track 26 Hindi Poem Rhymes for eJadui Pitara
Chal Mere Ghode, Chal Chal Chal",https://drive.google.com/file/d/1rUVOdCtAsO1jfHuPvTiIEl8fX5ITvb5i/view?usp=drive_link,Rhymes,Hindi
58,Bangla Story 1 for eJadui Pitara,https://drive.google.com/file/d/1ham1e7B7TkCU0BqbGk08uEY1Ir0d_pyE/view?usp=drive_link,Stories,Bengali
59,Bangla Story 2 for eJadui Pitara,https://drive.google.com/file/d/1P-DUCe8yJcvDkaTmb-oRHtC0Ap6y6gs6/view?usp=drive_link,Stories,Bengali
60,Bangla Story 3 for eJadui Pitara,https://drive.google.com/file/d/18RwyEg-2x2tzHPL6crd1buqRxKveAHUh/view?usp=drive_link,Stories,Bengali
61,Gujarati Story 1 for eJadui Pitara,https://drive.google.com/file/d/1I3HPZ8QQmkvszMzsmCcyV_HZDG44gjfn/view?usp=drive_link,Stories,Gujarati
62,Gujarati Story 2 for eJadui Pitara,https://drive.google.com/file/d/1kTfNRFApyrpgWL6PITa0h_b-oCqmCKLX/view?usp=drive_link,Stories,Gujarati
63,Gujarati Story 3 for eJadui Pitara,https://drive.google.com/file/d/1FI8SAWcxx-Ft-MBw6R9upn51XmjLryQF/view?usp=drive_link,Stories,Gujarati
64,Gujarati Story 4 for eJadui Pitara,https://drive.google.com/file/d/11mHecowQow8g-2x6qWVJxvit3k-9BKO-/view?usp=drive_link,Stories,Gujarati
65,Gujarati Story 5 for eJadui Pitara,https://drive.google.com/file/d/15N-PMuz127BdwYY1UZBBMpxBHTmWbu1B/view?usp=drive_link,Stories,Gujarati
66,Odia Story 1 for eJadui Pitara,https://drive.google.com/file/d/1Mu3oDpscLv3mls_BiKEBa69tOLwBbSg1/view?usp=drive_link,Stories,Odia
67,Odia Story 2 for eJadui Pitara,https://drive.google.com/file/d/1OD4-SzmNqxN43TYEq6tYN6XyofZSrf9_/view?usp=drive_link,Stories,Odia
68,Odia Story 3 for eJadui Pitara,https://drive.google.com/file/d/1v1aoRLcSbzQMJj8UwW-dyW3XVqpkgFK9/view?usp=drive_link,Stories,Odia
69,Odia Story 4 for eJadui Pitara,https://drive.google.com/file/d/1QRhvhSttUL7XPgXcHdo-N0xtu8C2sYPY/view?usp=drive_link,Stories,Odia
70,Odia Story 5 for eJadui Pitara,https://drive.google.com/file/d/1Kju6UB-mj6nuiqzWjoG74OZAI3vw2wZX/view?usp=drive_link,Stories,Odia
71,Punjabi Story 1 for eJadui Pitara,https://drive.google.com/file/d/1FbKuTX_IFLp8aUYMIc1VFfWQABoWzuOa/view?usp=drive_link,Stories,Punjabi
72,Punjabi Story 2 for eJadui Pitara,https://drive.google.com/file/d/1vb6Lleu2zD4rLZ3_EnBaA5GewEdnNc8B/view?usp=drive_link,Stories,Punjabi
73,Telugu Story 1 for eJadui Pitara,https://drive.google.com/file/d/1e39A0gxunTCuR9azfO0ndHmXvHelAQMG/view?usp=drive_link,Stories,Telugu
74,Telugu Story 2 for eJadui Pitara,https://drive.google.com/file/d/1jFa-Iu6YHoQGIfPnwGVj5jL5nmSb7ykC/view?usp=drive_link,Stories,Telugu
75,Can I play with you,https://drive.google.com/file/d/1DFi36dAGfXtOIwAefZkpvXyQHXrclXHu/view?usp=drive_link,Songs,English
76,Leaves on the Trees,https://drive.google.com/file/d/1mBYScYi0ph6Fz1kphbWHo_p0DkDM2LL5/view?usp=drive_link,Songs,English
77,Mary had a little Lamb,https://drive.google.com/file/d/11rLKd9Ji8dVso8-xuLdBWc3nowjVIBgS/view?usp=drive_link,Songs,English
78,Stars,https://drive.google.com/file/d/1NApG_b95FHnRr199wCZ6G46Sc4CScAYl/view?usp=drive_link,Songs,English
79,Bus  Bus  Bus,https://drive.google.com/file/d/1JW0P3fuhjKPklbZigsxDdJGYg-yqLyGT/view?usp=share_link,Songs,English
80,Circle,https://drive.google.com/file/d/1G38LdQ6OROElT0SaBCYfq77F3Lk16jiM/view?usp=share_link,Songs,English
81,Days   of   The  Week,https://drive.google.com/file/d/1EVfKrJU2r_yPhfiX2lntSF6pMDVLhtga/view?usp=share_link,Songs,English
82,My Home,https://drive.google.com/file/d/1fdfgMDvOpcu65TnbRrnK-AvS6IDFzmZj/view?usp=share_link,Songs,English
83,One  Little Finger.,https://drive.google.com/file/d/1_XqTsXkFWRxNltWk5NbBIg1HBhmfbNpn/view?usp=share_link,Songs,English
84,All By Myself,https://drive.google.com/file/d/17JByfqcBP75Xk24k_UB4a-LaZaLqaqQp/view?usp=share_link,Songs,English
85,Butterfly,https://drive.google.com/file/d/1v5Tk2TLZohuEirEWySw0uvYJXZPHdmR-/view?usp=share_link,Songs,English
86,Clap And Smile,https://drive.google.com/file/d/1HqPQFZ_tOe6C5JPE6deu_4bLEQnkSDib/view?usp=share_link,Songs,English
87,Colours,https://drive.google.com/file/d/1hY9V6_YwAv0sxlwNWLsjb1upHZ3QF41D/view?usp=share_link,Songs,English
88,Drop  of  Water,https://drive.google.com/file/d/1n_crAmOzDdnwEc6TH7FT4rQOFCkI8DeD/view?usp=share_link,Songs,English
89,Five   Little  Ducks,https://drive.google.com/file/d/1HsW054kxL7CPsakWBY82HLSEFN2t-rkD/view?usp=share_link,Songs,English
90,Good Morning,https://drive.google.com/file/d/1-gjnT6UP2Sn4X0jr9Dr9ZZXCVjoLGDOf/view?usp=share_link,Songs,English
91,Head Shoulders Knees and Toes,https://drive.google.com/file/d/1Jd61aZivtjD1VX77d7QAUG6R9dzZGRaH/view?usp=share_link,Songs,English
92,If You Are Happy,https://drive.google.com/file/d/1ieOAMvhsOFEwSmG6Pd5czTytT_hmRBFO/view?usp=share_link,Songs,English
93,If You Are Sad,https://drive.google.com/file/d/1MX6XOmF3379Dt9zBqucH9WaRoouhYWds/view?usp=share_link,Songs,English
94,Month  of  the  Years,https://drive.google.com/file/d/1bOtsjg1ao8YtyWlt4ROajeAENYvjD--q/view?usp=share_link,Songs,English
95,Row your boat (Opposites-2),https://drive.google.com/file/d/1u9ruUiVLEbodbyAl0dhjW8tYGbytbxGJ/view?usp=share_link,Songs,English
96,Seven  Days  in a  Week,https://drive.google.com/file/d/1TlB4lbssvADOLPFGdEOwL6vOVIxSnaWg/view?usp=share_link,Songs,English
97,Squerrel,https://drive.google.com/file/d/1JTxlQEEt2FYObH91-c3SgJS7dZNiItjL/view?usp=share_link,Songs,English
98,The Opposites-1,https://drive.google.com/file/d/1ys3EgpvRZIUUeoXo5ixR-j5xzcwhfpix/view?usp=share_link,Songs,English
99,The Secret (Song),https://drive.google.com/file/d/1b7iWpNv0wgpeb8j3NmbZ0aiNnJrQ0MLg/view?usp=share_link,Songs,English
100,The Swing,https://drive.google.com/file/d/1h__vjWRqB_wH0iYb6te0TLS6DHCM6LlC/view?usp=share_link,Songs,English
101,Three Little Kittens,https://drive.google.com/file/d/1CRwgmInWV1aX-BnxhN3Pmd1TyeAdPo4q/view?usp=share_link,Songs,English
102,Work,https://drive.google.com/file/d/1OSSKLVCa8OXfPrTOXQfvPaQ_CzNJLe29/view?usp=share_link,Songs,English
103,बन जाएँ हम छुक छुक रेल.mp3,https://drive.google.com/file/d/1S9aWNzSaorIBII11MtbDkgj479tabFR1/view?usp=drive_link,Songs,Hindi
104,भौं भौं करता कुत्ता आया .mp3,https://drive.google.com/file/d/1WxWagGD1gsXzA4Bb1zxr4ehKevmsrRWu/view?usp=drive_link,Songs,Hindi
105,बिल्ली बोली चट कर जाऊँ .mp3,https://drive.google.com/file/d/1whWEDJXPtSmOk1O7XjWmJn-y-UJpEByH/view?usp=drive_link,Songs,Hindi
106,बकरी की मैं बहन भेड़  .mp3,https://drive.google.com/file/d/1LMSvPFBvd_gVBj9aYY15kSDY85gBr03z/view?usp=drive_link,Songs,Hindi
107,एक बात बतलाऊँ म्याओं .mp3,https://drive.google.com/file/d/1GM32_zcwFfpXK9EHMBNJOC3MFVsvkPD3/view?usp=drive_link,Songs,Hindi
108,ग़ुब्बारे .mp3,https://drive.google.com/file/d/1WvcQJW-WMyYOfWIE-Q8-X8AvCUCulQSn/view?usp=drive_link,Songs,Hindi
109,तोता .mp3,https://drive.google.com/file/d/1DUislA8daVQTu-N7D7ghdDZyR9G1G9pr/view?usp=drive_link,Songs,Hindi
110,चंदा मामा .mp3,https://drive.google.com/file/d/1mz132zuTSBQCXTSQIEDokxc6KGr57Rw6/view?usp=drive_link,Songs,Hindi
111,घंटी बजी .mp3,https://drive.google.com/file/d/1GD8b1mv-Hdwngzg-0YcvJR0gixvZN4yD/view?usp=drive_link,Songs,Hindi
112,कहे गिलहरी कुतर कुतर .mp3,https://drive.google.com/file/d/1LNmjA2ZzgZGXZNwJOwOSewvulZjSI7pw/view?usp=drive_link,Songs,Hindi
113,कुत्ता नहीं किसी से डरता .mp3,https://drive.google.com/file/d/1Iugce_9HEykQfA7gBBJf0YnZacdk7sRM/view?usp=drive_link,Songs,Hindi
114,लम्बी टाँगे- ऊँट .mp3,https://drive.google.com/file/d/1rB0yPSlbbNKT9kYAKYiJWzW30zwg6Q1Q/view?usp=drive_link,Songs,Hindi
115,मैं बकरी .mp3,https://drive.google.com/file/d/1184HFsvkGttf3qPKG1bcvgEl1FME_LzH/view?usp=drive_link,Songs,Hindi
116,मेरी गुड़िया हुई बीमार .mp3,https://drive.google.com/file/d/1SKmypC-8zvhfCdCqHK9Zn95oAi-hjtj3/view?usp=drive_link,Songs,Hindi
117,मुन्नी खेले गुल्ली डंडा .mp3,https://drive.google.com/file/d/1xqidEdrsIF1nLStUo568DAAGSV133tUq/view?usp=drive_link,Songs,Hindi
118,साँस हवा में लेते हम .mp3,https://drive.google.com/file/d/1F2RsLo0jzHGL0_tvitIEZbLw36wPVUYF/view?usp=drive_link,Songs,Hindi
119,यूँ न समय गंवाओ .mp3,https://drive.google.com/file/d/1n4W3PS2umUuCB8pE8HqCUyIDIsv5OusW/view?usp=drive_link,Songs,Hindi
120,हमारा घर .mp3,https://drive.google.com/file/d/1s8Z7EXvZcDpg4tP4I9ah_4_uTM0PzTfG/view?usp=drive_link,Songs,Hindi
121,मैं .mp3,https://drive.google.com/file/d/1AQi7FeDjk5LMzlV9e5UUboDzola1Jv6i/view?usp=drive_link,Songs,Hindi
122,मेरी माँ .mp3,https://drive.google.com/file/d/1bCiXhT0VHberRZuDcdzqKIax52azxLyA/view?usp=drive_link,Songs,Hindi
123,देख नहीं सकते तुम मुझको (हवा).mp3,https://drive.google.com/file/d/1JbLMXkh-zZG_L24D7QDW7FmCV59OgVko/view?usp=share_link,Riddles,Hindi
124,पान.mp3,https://drive.google.com/file/d/1pv3Q9fwNxOSaBIGPpD6s9RqjxmTJG9aa/view?usp=share_link,Riddles,Hindi
125,एक पैर और ढेरों हाथ (पेड़).mp3,https://drive.google.com/file/d/1s0T4SONiq0RObw80agtfnZ0TzjcLot-U/view?usp=share_link,Riddles,Hindi
126,एक सुरंग है छोटी सी(नाक).mp3,https://drive.google.com/file/d/1HFQ88oOfO4IUFxHftxSZTV_LNlsyC-6b/view?usp=share_link,Riddles,Hindi
127,कभी बड़े कभी छोटे (बादल ).mp3,https://drive.google.com/file/d/1YkX_K5LRdM2sFCGp6laLCtL76QtRQpSn/view?usp=share_link,Riddles,Hindi
128,कौन हूँ मैं  (कम्प्यूटर).mp3,https://drive.google.com/file/d/1uh-S5wq7sF_uBYENb4sCi0PN9L0OQl4m/view?usp=share_link,Riddles,Hindi
129,मैं सबका घर  (धरती).mp3,https://drive.google.com/file/d/1FfpEAPEP0gyUTc3sxk7cuCf-mqLA7hAI/view?usp=share_link,Riddles,Hindi
130,मैं तुम्हारी साथी (किताब).mp3,https://drive.google.com/file/d/1yt7BWZ-OjJGnXMXoMulaZKSb64Oppm8p/view?usp=share_link,Riddles,Hindi
131,मुझको देखना मुश्किल (चाँद).mp3,https://drive.google.com/file/d/1x3Sa3J0MhNCYTrCttVgfHdWK5jpVYp3t/view?usp=share_link,Riddles,Hindi
132,ऊँचा इतना (पहाड़).mp3,https://drive.google.com/file/d/11rGtdcUZIfdpVLaeDX0z-sssrmLL4AME/view?usp=share_link,Riddles,Hindi
133,मैं आग का गोला (सूरज).mp3,https://drive.google.com/file/d/1nY2FWve9-M0PECWw3mfLCOzRhGx3ifqB/view?usp=share_link,Riddles,Hindi
134,ऐसा जाल फैलाऊँ (मकड़ी).mp3,https://drive.google.com/file/d/1K_NTEOcDB2rf6QAf2GFbcG0MVpKV0639/view?usp=share_link,Riddles,Hindi
135,छोटी सी नन्ही सी है  (चींटी).mp3,https://drive.google.com/file/d/1q5QwBl3uYWSUfIdR5ydWXJoEFnkUMLMp/view?usp=share_link,Riddles,Hindi
136,आँख.mp3,https://drive.google.com/file/d/1rjGvNwlQpmWJ0kjpXMMFZby4TvZkwrV_/view?usp=share_link,Riddles,Hindi
137,दांत.mp3,https://drive.google.com/file/d/1JlAYE-tFVmX4qygXyYBHHwf_VAzferUb/view?usp=share_link,Riddles,Hindi
138,हवाई जहाज़.mp3,https://drive.google.com/file/d/1sxx5q16iWrvEsy5WwXLzw_4wplPBLO7W/view?usp=share_link,Riddles,Hindi
139,पेन्सिल.mp3,https://drive.google.com/file/d/1JFJl_n4gPkLGarNPHl6vQJsfhTJCMRUj/view?usp=share_link,Riddles,Hindi
140,प्याज़.mp3,https://drive.google.com/file/d/1RGAZXqIt8vjAbvJzOnPR2rEhPg60PLwT/view?usp=share_link,Riddles,Hindi
141,घड़ी.mp3,https://drive.google.com/file/d/103oSuNxkQX7sXAMqBRgQ8PIE00GaqK-p/view?usp=share_link,Riddles,Hindi
142,बैंगनी जोजो .mp3,https://drive.google.com/file/d/1tuA245qUau_ZR9ryGQ-tIOxyzi13os_u/view?usp=drive_link,Stories,Hindi
143,बरसात और मेंढक .mp3,https://drive.google.com/file/d/1V955Kh2PfJaJwzNKnPauhN9jYQkSmGF1/view?usp=drive_link,Stories,Hindi
144,छुपन छुपाई .mp3,https://drive.google.com/file/d/15TsgIMZyb9k4vM3Bm0Ws-a6aHHSLaWoD/view?usp=drive_link,Stories,Hindi
145,माला की चाँदी की पायल .mp3,https://drive.google.com/file/d/118QTakKnv4Bdiv81ij9w6n_1TXqEp1_5/view?usp=drive_link,Stories,Hindi
146,मिठाई.mp3,https://drive.google.com/file/d/1xGivWgIiWdnAvx0OmA7B8-0xcsPQY_xu/view?usp=drive_link,Stories,Hindi
147,शेर और चूहे की दोस्ती .mp3,https://drive.google.com/file/d/1DdJKtOmxGAFH0aCHGJseTPUUkGD3lefJ/view?usp=drive_link,Stories,Hindi
148,थाथू और मैं .mp3,https://drive.google.com/file/d/1_S3NN0mpYsbOfeFgH6Z-hIz34dLVAY-A/view?usp=drive_link,Stories,Hindi
149,A Happy Child.mp3,https://drive.google.com/file/d/1FwNTpHACe9lsKXdQ9091aJU5n9UIZp-3/view?usp=drive_link,Rhymes,English
150,A Kite.mp3,https://drive.google.com/file/d/1HO9EHV0VfkbdpfjHLVu-vQmrACHKUHMI/view?usp=drive_link,Rhymes,English
151,After a Bath.mp3,https://drive.google.com/file/d/1OAgJw6PV2vc3-aeELF8bRty8GWGUZ4ny/view?usp=drive_link,Rhymes,English
152,Clouds.mp3,https://drive.google.com/file/d/18BMq5zJ_MC1MlDVnNRqvxRnxh_brcmHC/view?usp=drive_link,Rhymes,English
153,Flying Man.mp3,https://drive.google.com/file/d/121WeqzFppN1BlnbOLEeWqZbXVFPjOEoW/view?usp=drive_link,Rhymes,English
154,If I were an Apple.mp3,https://drive.google.com/file/d/1RXinkdzWzJ-QER8hIeZpsFYV_izPYCsO/view?usp=drive_link,Rhymes,English
155,Little Turtle.mp3,https://drive.google.com/file/d/1HU7ZPYM_0Ar0kjGL2mtLpwg-vAU_Ej7R/view?usp=drive_link,Rhymes,English
156,Merry Go Round.mp3,https://drive.google.com/file/d/1X_u4mUoFYGqZ1JKkSVgCFpC0H0_N5nMU/view?usp=drive_link,Rhymes,English
157,Once I saw.mp3,https://drive.google.com/file/d/1F-wErMnzl4iot_LdaTBJlNbkIdt2WIsQ/view?usp=drive_link,Rhymes,English
158,One Little Kitten.mp3,https://drive.google.com/file/d/10iMqE1hjYwc2ik_dzYZZutVPBFnUeoV3/view?usp=drive_link,Rhymes,English
159,Our Tree.mp3,https://drive.google.com/file/d/1cV395-AUowEsVTKffQjSs-lQWccAnrso/view?usp=drive_link,Rhymes,English
160,Happy Child.mp3,https://drive.google.com/file/d/1pQjkaTDFn9HzS7r04jBbTUW3K8neFOy8/view?usp=drive_link,Songs,English
161,A Kite.mp3,https://drive.google.com/file/d/1YNic2vttIVbPHJuBPJLTYtJmbUS_NqCu/view?usp=drive_link,Songs,English
162,After a Bath.mp3,https://drive.google.com/file/d/1cxyp5i2Jas6-YG_K4woIpHtbj7UigLl5/view?usp=drive_link,Songs,English
163,Clouds.mp3,https://drive.google.com/file/d/1pTw8WzysqCLDIn2oBVfl_zH6SokVB_LK/view?usp=drive_link,Songs,English
164,Flying Man.mp3,https://drive.google.com/file/d/1EG38FK7KusNicPSONL9hkC4_r78Liav2/view?usp=drive_link,Songs,English
165,If I were an Apple.mp3,https://drive.google.com/file/d/14PVr_1ahr8AMrCuGLExZ9g8Bcrl7TOW6/view?usp=drive_link,Songs,English
166,Little Turtle.mp3,https://drive.google.com/file/d/1M8466muaPnTSTA9u9GNuJUFhfa__FhLC/view?usp=drive_link,Songs,English
167,Merry go round.mp3,https://drive.google.com/file/d/1AiJg1nS3DhVuaw-VcYKAxhIQPwx25RTU/view?usp=drive_link,Songs,English
168,Once I saw.mp3,https://drive.google.com/file/d/1265wcpi0cAyf01POARdKOvGs1icOXeoO/view?usp=drive_link,Songs,English
169,Can I Play with you.mp3,https://drive.google.com/file/d/1_P9UKx3wCibIDb6kyXVsEohA3PXkAsLn/view?usp=drive_link,Rhymes,English
170,Leaves on the Trees.mp3,https://drive.google.com/file/d/1oW-RA0be7O_zGY0SoG55YQtoP12I0Xuc/view?usp=drive_link,Rhymes,English
171,Mary had a little Lamb.mp3,https://drive.google.com/file/d/1KxJBpyoN8m_6vqkgjzwIvrwur0IqOejC/view?usp=drive_link,Rhymes,English
172,The Crow.mp3,https://drive.google.com/file/d/1SR8nQb-VviHSfXl2kKoFE0dl9M2sA_hy/view?usp=drive_link,Rhymes,English
173,Come Back Soon.mp3,https://drive.google.com/file/d/1BK3Jcq7BPbDNOzuygXQu-lLG057aE4gT/view?usp=drive_link,Rhymes,English
174,It Is Fun.mp3,https://drive.google.com/file/d/1zPwTUwtVBefErqQVlh52Q1_FYmXcCFzC/view?usp=drive_link,Rhymes,English
175,Little Drops of Water.mp3,https://drive.google.com/file/d/1uPu45o3vgyZaTp9tSbZEHFKM67oWYfD4/view?usp=drive_link,Rhymes,English
176,My Bicycle.mp3,https://drive.google.com/file/d/1DQ0w_MBt3HVUCq0AMtWvvSTMOZyxHRZP/view?usp=drive_link,Rhymes,English
177,Show of Clouds.mp3,https://drive.google.com/file/d/1NoYak7am4kKB6lVIIqB1d3Wb5lgOMf1s/view?usp=drive_link,Rhymes,English
178,पड़ोसी .mp3,https://drive.google.com/file/d/1L9Vfv3QGSBrho3EOlFO0zbOkUeoY15Mk/view?usp=drive_link,Stories,Udru
179,चिड़िया और पौधे की कहानी .mp3,https://drive.google.com/file/d/13hZJnxSC8ThWndgBeO1VNlmC7EwRr-zu/view?usp=drive_link,Stories,Udru
180,दरख़्त की ग़वाही .mp3,https://drive.google.com/file/d/1QEXy6Oso9hGqsH8a25sLepbHxZyg3ioS/view?usp=drive_link,Stories,Udru
181,घर और घोंसला .mp3,https://drive.google.com/file/d/1hK2O1VHxQ84h5MlNC_s6EyezoC9CPPF5/view?usp=drive_link,Stories,Udru
182,नादान कछुआ .mp3,https://drive.google.com/file/d/1COnWUSGGT-qylAxmUHS8t-EB-gSLMqCF/view?usp=drive_link,Stories,Udru
183,नन्ही परी .mp3,https://drive.google.com/file/d/1Kjukj9K7w1N07k1oh5te3pxeelJYilRF/view?usp=drive_link,Stories,Udru
184,नेकी .mp3,https://drive.google.com/file/d/1gAubd1jGK2eASqPc5Ai2A7lqYj-viBOX/view?usp=drive_link,Stories,Udru
185,हमदर्दी .mp3,https://drive.google.com/file/d/1uXR4sHZ9LKGMiFPLJRa5S_p29oUtX5wF/view?usp=drive_link,Stories,Udru
186,लड़का लड़की एक समान .mp3,https://drive.google.com/file/d/17DDfLCSd49YGix2oA-1yFv6MqowvvnWS/view?usp=drive_link,Stories,Udru
187,मुर्ग़ा और लोमड़ी .mp3,https://drive.google.com/file/d/1VAGPAvwyXSW_noxuZGB6wHfIV9aTObuJ/view?usp=drive_link,Stories,Udru
188,सच की जीत .mp3,https://drive.google.com/file/d/12q3ApXZ9vb56JnkVwbCDsrLMqs1fuZeQ/view?usp=drive_link,Stories,Udru
189,तोते की चालाकी .mp3,https://drive.google.com/file/d/1tlvoBVAyXDmaEA-dCZb4b0QAZYefBDB0/view?usp=drive_link,Stories,Udru
190,भाई मट्टु और घड़ी .mp3,https://drive.google.com/file/d/127lXv_gXrKc0vcwByJ-xIPBM4dYc8GHS/view?usp=drive_link,Stories,Udru
191,बकरी ने दो गाँव खा लिए .mp3,https://drive.google.com/file/d/1Qdi95JPN-TTwIcQc9pV1B1x6ZR1TZ6Xq/view?usp=drive_link,Stories,Udru
192,अच्छा लड़का .mp3,https://drive.google.com/file/d/1Fd4ibPg2aDL5F8BRNc5L-iGMf21zC3s3/view?usp=drive_link,Stories,Udru
193,अच्छे ख़यालात .mp3,https://drive.google.com/file/d/1TRyfLY3xLoj-j6RmjxMf6nMJA0XLpoWa/view?usp=drive_link,Stories,Udru
194,पहली जंग-ए-आज़ादी का सिपहसालार.mp3,https://drive.google.com/file/d/1KUBRnhVotUBvGd0a2ZW1_EetmfiMbd68/view?usp=drive_link,Stories,Udru
195,The crow.mp3,https://drive.google.com/file/d/1Uf3_qJNCBdMJ7tqiTwc6YP9Oq_MxaFKt/view?usp=drive_link,Activities,English
196,Come Back Soon.mp3,https://drive.google.com/file/d/1BLB7N3KFKLexVkFInwP-SVdINwI3Gfqr/view?usp=drive_link,Activities,English
197,It Is Fun.mp3,https://drive.google.com/file/d/1AXFk3nIKPtKqN0bgu7KQ4jXdaNeNRk_2/view?usp=drive_link,Activities,English
198,Little Drops of Water.mp3,https://drive.google.com/file/d/1d966nkZVqZTaaMKDTRTPcXQzrVOkttjl/view?usp=drive_link,Activities,English
199,My Bicycle.mp3,https://drive.google.com/file/d/1UnstIXW5TXY6sCKIjylYMTj5b0PLX9mr/view?usp=drive_link,Activities,English
200,Show of Clouds.mp3,https://drive.google.com/file/d/1xIgc0qR4IIKzhQu5_-onlnezKancqlDN/view?usp=drive_link,Activities,English
201,Head Shoulders Knees and Toes.mp3,https://drive.google.com/file/d/11iAcmaSCCpIHCXkp9cqV-8nptvT0vIPP/view?usp=drive_link,Activities,English
202,Month  of  the  Years.mp3,https://drive.google.com/file/d/1DMWWV-BmLhwqh3U-2XVxYh0C61K2-CB4/view?usp=drive_link,Activities,English
203,The Swing.mp3,https://drive.google.com/file/d/165ryDa8NCL6DrJpQKD8ArqOr64N_589h/view?usp=drive_link,Activities,English
204,All by my self.mp3,https://drive.google.com/file/d/1OPlYL0Ze4bVqXk97E6gV4-6I81Sb9gcl/view?usp=drive_link,Activities,English
205,Bus  Bus  Bus.mp3,https://drive.google.com/file/d/1kE2TtgBYduBSaEQdJUwl2jlfj3NZ-PBJ/view?usp=drive_link,Activities,English
206,Butterfly.mp3,https://drive.google.com/file/d/14KfP0lzf8BH36wp0Z2OEyamF8rdfq4d3/view?usp=drive_link,Activities,English
207,Colours.mp3,https://drive.google.com/file/d/1GNbV36cZTpadY3RoQUnkWxfVV4oL00zt/view?usp=drive_link,Activities,English
208,Good Morning.mp3,https://drive.google.com/file/d/1x_KjRfaud1P4hcMzLcjEE8SF0RMeiWo9/view?usp=drive_link,Activities,English
209,Home.mp3,https://drive.google.com/file/d/1QRmjZE-O4ubiFoCg8w1v-WXu-dgTWOGV/view?usp=drive_link,Activities,English
210,One little finger.mp3,https://drive.google.com/file/d/1spYHoJq2PlTyhAFBX4XxL5CWMh2CtuWX/view?usp=drive_link,Activities,English
211,कैक्टस और गुलाब .mp3,https://drive.google.com/file/d/1BCKpXE2aNtQbt5mF_RJbl1Xxv5u2xH93/view?usp=drive_link,Stories,Hindi
212,लोक कथाएँ किसे कहते हैं?.mp3,https://drive.google.com/file/d/1sBV9vkua2jq4hPWvir84Ww1JpE1-hq27/view?usp=drive_link,Stories,Hindi
213,Hide and Seek.mp3,https://drive.google.com/file/d/1RZVjx6uLtcwcTlFJQfhBEACrM6OhpZ4b/view?usp=drive_link,Stories,English
214,The Monkey and the Elephant.mp3,https://drive.google.com/file/d/1hLJ-XfuRTYfEHPSmtP4m6mYZEz-EJmCW/view?usp=drive_link,Stories,English
215,Hide and Seek.mp3,https://drive.google.com/file/d/1Um4i6_fuP8k5j3riokIRZFjxrjI6WVu8/view?usp=drive_link,Activities,English
216,The Monkey and the Elephant.mp3,https://drive.google.com/file/d/1p7ChngdAbXoFWbl40-nC2b0LHZKvKmir/view?usp=drive_link,Activities,English
217,बोलने वाला मुर्ग़ा .mp3,https://drive.google.com/file/d/1ueDnVpLewuyVT5coTSPJptwxkPdFF3S3/view?usp=drive_link,Activities,Hindi
218,हरा भरा पेड़ .mp3,https://drive.google.com/file/d/1Nin9pv0veLQvNytQe0kcyEZCNz-KQgJr/view?usp=drive_link,Activities,Hindi
219,चूहे खाने वाला भौंपू .mp3,https://drive.google.com/file/d/15uVT5lzMPUWGEQ00lEBoiLSC_-avvVog/view?usp=drive_link,Activities,Hindi
220,सोनू और मुनिया की कहानी .mp3,https://drive.google.com/file/d/1LSt6VNz1rgXQOSRg7EZ97pMJUA99DGHv/view?usp=drive_link,Activities,Hindi
221,बचत .mp3,https://drive.google.com/file/d/18Dk_TuQ9EJ3WItRADKYuD_E6Y-lmEQN-/view?usp=drive_link,Activities,Hindi
222,दो का पहाड़ा .mp3,https://drive.google.com/file/d/1USItJDoFXuIEqTJmIyyYfFME3rHrw9XU/view?usp=drive_link,Activities,Hindi
223,तीन का पहाड़ा .mp3,https://drive.google.com/file/d/1CUcTkRSrkQle0eeALvuBv87hIAeqnaXT/view?usp=drive_link,Activities,Hindi
224,चार का पहाड़ा .mp3,https://drive.google.com/file/d/1I6qdqqcQ4gKj47BwJzyDOe7lLyRUhobB/view?usp=drive_link,Activities,Hindi
225,पाँच का पहाड़ा .mp3,https://drive.google.com/file/d/1Dp9jt_ADKpvOB5W9B-zl5ziYu3q3zae3/view?usp=drive_link,Activities,Hindi
226,Zik Zak Boy.mp3,https://drive.google.com/file/d/1KtbZEogBi8wlOa5_-asCoGom5GLsrYxZ/view?usp=share_link,Activities,English
227,A Big Wind.mp3,https://drive.google.com/file/d/1HbHchJ8GOnTzqM4OyuiTYEN711B-iVxb/view?usp=share_link,Rhymes,English
228,Animals Friends.mp3,https://drive.google.com/file/d/1bpgf7xFNezuCJ0L2xDaOiVh4vOtxQILT/view?usp=share_link,Rhymes,English
229,Bells.mp3,https://drive.google.com/file/d/1BwZhmkS3cN9DB9GSETWuQz8iX32JLOpI/view?usp=share_link,Rhymes,English
230,Black Board .mp3,https://drive.google.com/file/d/1BHjoPU2KnSZH5teUZK0nSGvIygrftbm1/view?usp=share_link,Rhymes,English
231,Brush.mp3,https://drive.google.com/file/d/1WHiOWnRQhDm4iDDbCG0lKm8INkelG2d_/view?usp=share_link,Rhymes,English
232,First Day.mp3,https://drive.google.com/file/d/1ALttnEerBogeNNLXK5_QNuHfaUXcJoU8/view?usp=share_link,Rhymes,English
233,I am Lucky.mp3,https://drive.google.com/file/d/1_LjDqA9PY0JLyC0ehuLJFcWmYVHBivfC/view?usp=share_link,Rhymes,English
234,Music Man.mp3,https://drive.google.com/file/d/1TOueoUS6WNZHDbRj6OemDuXeFz5sbhDD/view?usp=share_link,Rhymes,English
235,Out In the Garden.mp3,https://drive.google.com/file/d/12hjs7Mx2xomFYMbDaQGRN0CSU8xc4HCe/view?usp=share_link,Rhymes,English
236,Rain.mp3,https://drive.google.com/file/d/12hjs7Mx2xomFYMbDaQGRN0CSU8xc4HCe/view?usp=share_link,Rhymes,English
237,Zoo-Manners .mp3,https://drive.google.com/file/d/1bUjOxXYDhE-xLbKy5He4-_hv04wusQLu/view?usp=share_link,Rhymes,English
238,आओ बनाएँ पतंग.mp3,https://drive.google.com/file/d/1QtivzbOvComHotWba0ko8CF0Jtk7VmWQ/view?usp=drive_link,Activities,Hindi
239,अप्पू जी भइया हाथी जी.mp3,https://drive.google.com/file/d/1flaOqt8NQVluxUTu8HNV_Gl3SCTn3305/view?usp=drive_link,Activities,Hindi
240,बरसात.mp3,https://drive.google.com/file/d/1BCvFabZ0zSk_e83JbkdP-vxOFtj2S9NO/view?usp=drive_link,Activities,Hindi
241,बर्तन बोलते हैं.mp3,https://drive.google.com/file/d/1MIKFiv25xsXTZQYC4O0htShGp-BO5yJg/view?usp=drive_link,Activities,Hindi
242,बातें किताबों की.mp3,https://drive.google.com/file/d/1_DPpNCNZdLpfBgIknQO1eCO4XAVjETZR/view?usp=drive_link,Activities,Hindi
243,बिल्ली बनाना सीखें.mp3,https://drive.google.com/file/d/1prClCCoDgHm1QbJdf21DjZK65PrVI5vz/view?usp=drive_link,Activities,Hindi
244,बुलबुल.mp3,https://drive.google.com/file/d/19qZoKfvn3ihrBTJy9dv-NmvtCaysuCPf/view?usp=drive_link,Activities,Hindi
245,चलो पतंग बनाएँ.mp3,https://drive.google.com/file/d/1MAOv0n-C0ZiuuSlU99xGCzBNWuuQ8huk/view?usp=drive_link,Activities,Hindi
246,छुक छुक गाड़ी.mp3,https://drive.google.com/file/d/1l1Rimv3JZDdZhg__b9GtB7DoW2nugZEw/view?usp=drive_link,Activities,Hindi
247,गेंद और बल्ला.mp3,https://drive.google.com/file/d/1kyWzZuXvQe5Rsxu0kYZ_XrDIxC9jgPoU/view?usp=drive_link,Activities,Hindi
248,हाथी मेरे साथी.mp3,https://drive.google.com/file/d/1ICUXEUjjQIK_6nQfH-aYzUN8qdlDSK2p/view?usp=drive_link,Activities,Hindi
249,हम किसी से कम नहीं.mp3,https://drive.google.com/file/d/1dERHZYal4YUG-mtRyvy6AfkUmjqgkI_M/view?usp=drive_link,Activities,Hindi
250,जंगल.mp3,https://drive.google.com/file/d/19XumdVFeMtVpbuf6JBR5McWk7_D-Je6d/view?usp=drive_link,Activities,Hindi
251,कुछ कहती हैं सब्ज़ियाँ.mp3,https://drive.google.com/file/d/1SLh2cUYajA4PalOnVopQbpKXHYG5-0BY/view?usp=drive_link,Activities,Hindi
252,मेरी बिल्ली.mp3,https://drive.google.com/file/d/1HPHzjUx2YeJ301sBvBDQtNRjlboh1qM7/view?usp=drive_link,Activities,Hindi
253,पत्ते ही पत्ते.mp3,https://drive.google.com/file/d/15XjxIuFWN1CjDn74MsnldoqsQzUnSTPr/view?usp=drive_link,Activities,Hindi
254,साफ़ सफ़ाई.mp3,https://drive.google.com/file/d/1EMHx45a4wiUjQ45uRYPSKI4IgOde4H17/view?usp=drive_link,Activities,Hindi
255,सुनो और समझो.mp3,https://drive.google.com/file/d/15Nh-LKFS4sgWW0Z-cZ7puHVTuiKe3owk/view?usp=drive_link,Activities,Hindi
256,सुनो कहानी.mp3,https://drive.google.com/file/d/1Bwv_LoYhtsXoP7yLZoPeutGBrT0eLm29/view?usp=drive_link,Activities,Hindi
257,छुक छुक करती रेल चली.mp3,https://drive.google.com/file/d/17RddIunEz9DGFJjSKvL6eWqlGNUF5G3c/view?usp=drive_link,Songs,Hindi
258,कौआ और लोमड़ी .mp3,https://drive.google.com/file/d/1yoNitUwK59RJCxlvjjO9IEZchpn78_JP/view?usp=drive_link,Stories,Hindi
259,क्या तुम जानते हो .mp3,https://drive.google.com/file/d/1OnYNRJy72RyftlZXJ4u-Ut3S4LfjffEO/view?usp=drive_link,Stories,Hindi
260,मीराबेन .mp3,https://drive.google.com/file/d/11jBGRB1uU1s9JLRQ1V-2SXJUIGMYGr51/view?usp=drive_link,Stories,Hindi
261,Dialogue 1- Hello How Are You.mp3,https://drive.google.com/file/d/1EgL1E8_fgA5KP83PsEvpSmLRD87C5kir/view?usp=drive_link,Activities,English
262,Dialogue 2- Pinky is Going to school.mp3,https://drive.google.com/file/d/10yePtUaLyBL2uOAhizMHesE_vWU0ASxA/view?usp=drive_link,Activities,English
263,Dialogue 3- Pinky is not feeling well.mp3,https://drive.google.com/file/d/1MejQgHujxi079Y4j6sfo8V-MjkF2Yq8T/view?usp=drive_link,Activities,English
264,Dialogue 4- Close the WIndow.mp3,https://drive.google.com/file/d/1O5xsSinS5_AYVWycVyWmkRtJBwhHSdml/view?usp=drive_link,Activities,English
265,Dialogue 5- Pinky is Feeling Cold.mp3,https://drive.google.com/file/d/13N_Cp3tNlIpdhg5-zl8J_NhAaS_cxQeO/view?usp=drive_link,Activities,English
266,Dialogue 6- We need to be Polite.mp3.mp3,https://drive.google.com/file/d/1NZqsoWvpOnj5eLViMkyLxiIw3pLGHX9N/view?usp=drive_link,Activities,English
267,Dialogue 7- Tell Your Age.mp3,https://drive.google.com/file/d/1KSegYlvFH6KFjgn9g0ZfJAYhKACofr5p/view?usp=drive_link,Activities,English
268,Dialogue 8- Time.mp3,https://drive.google.com/file/d/1BvggGSsl6Ey2mOVAv_3-TZ6l38XYCNfr/view?usp=drive_link,Activities,English
269,Dialogue 9- Quarter Past.mp3,https://drive.google.com/file/d/12wlluE3m2Ocl0T52syHyJyCX2V6Dpg0d/view?usp=drive_linkk,Activities,English
270,Dialogue 10 Telling Time.mp3,https://drive.google.com/file/d/1CwMkOLLcqgj2paUpgN6dXVQVNNkDtXSB/view?usp=drive_link,Activities,English
271,Dialogue 11- How to tell the Time.mp3,https://drive.google.com/file/d/19HAWMUKJ2mzYUvBQv-uwrqor4IM782G9/view?usp=drive_link,Activities,English
272,Dialogue 12- Late for the Class.mp3,https://drive.google.com/file/d/1AosEOB7jJeGuKwngQlc96VTLG6QHy9OU/view?usp=drive_link,Activities,English
273,A Big Wind .mp3,https://drive.google.com/file/d/1FE5H1TLLb87cK_C6tGGS5oH-AveUgWfx/view?usp=share_link,Songs,English
274,Bells.mp3,https://drive.google.com/file/d/1eZWKP-GyAs2UPEqj5oycLStL8hi-BOVK/view?usp=share_link,Songs,English
275,Black Board .mp3,https://drive.google.com/file/d/13jnCPnT49RRmOGpSMnBrHwyje4Ezar6u/view?usp=share_link,Songs,English
276,Brush .mp3,https://drive.google.com/file/d/1dIAdJB1MW60SzCZT_HmX8YCFJ2ZP7ifU/view?usp=share_link,Songs,English
277,First Day.mp3,https://drive.google.com/file/d/1KwD1fyjSBV4ShML9IiLIqGxi7Ee84w6T/view?usp=share_link,Songs,English
278,Music Man.mp3,https://drive.google.com/file/d/1mcAkULHhRTrf2hKldoKjkJCwwSU23wl_/view?usp=share_link,Songs,English
279,Out In the Garden.mp3,https://drive.google.com/file/d/10rRHHejWBlUkRoRENJdp8EchFpMY1pQk/view?usp=share_link,Songs,English
280,Rain.mp3,https://drive.google.com/file/d/1ZTcTbymL0fied2xf9tqc6cqYjNR9_iaU/view?usp=share_link,Songs,English
281,Zik Zak Boy.mp3,https://drive.google.com/file/d/1xMxV2Dd8PBo7r2ZVCo2smq8xZOFpYgfR/view?usp=share_link,Songs,English
282,The lore of Roosterpur.mp3,https://drive.google.com/file/d/1vhgMB8vbGxdCLT4F1fMiExGmvpqwEY5C/view?usp=drive_link,Rhymes,English
283,Catch me if you can.mp3,https://drive.google.com/file/d/1lXPr_xesiAN336kbhvHF73cxKD0BkWd2/view?usp=drive_link,Activities,English
284,Homes on Earth.mp3,https://drive.google.com/file/d/1CwEgAu28oB9OPnG3ySE4LazDRbwlPrdS/view?usp=drive_link,Activities,English
285,My Name.mp3,https://drive.google.com/file/d/1BBjkP3UO3ixS6mX4-V7GIr8T4FicNQix/view?usp=drive_link,Activities,English
286,Seeing without seeing.mp3,https://drive.google.com/file/d/1ifqvsWTLEELOoQHlCn-C1p6Gd5sguWJz/view?usp=drive_link,Activities,English
287,Tête-à-tête -1.mp3,https://drive.google.com/file/d/1zqTvk5YuWxhHBLZ6CoIt9ecrJubjLydq/view?usp=drive_link,Activities,English
288,Tête-à-tête -2.mp3,https://drive.google.com/file/d/1xjLSS2ukjItQUeJ3u6gvrznlrqM3JeD-/view?usp=drive_link,Activities,English
289,The lore of Roosterpur.mp3,https://drive.google.com/file/d/173_JSb12t8pX-NSgpUAB80y9OV3dX3q5/view?usp=drive_link,Activities,English
290,The smart monkey.mp3,https://drive.google.com/file/d/1uLdt0EqKzF9SNoS5sXtAJpSo2q4RWyqw/view?usp=drive_link,Activities,English
291,The sparrow family.mp3,https://drive.google.com/file/d/1fwFs4TzKGB2P908i7TkxNrAbafggtOqg/view?usp=drive_link,Activities,English
292,बरसात और मेंढक .mp3,https://drive.google.com/file/d/11imRZwMq0xdW0MbZEgOk6gjZRR_StdYF/view?usp=drive_link,Activities,Hindi
293,छुपन छुपाई .mp3,https://drive.google.com/file/d/1XGNncXllpcPC1St3Pae8Pxlqqui-wsrR/view?usp=drive_link,Activities,Hindi
294,माला की चाँदी की पायल .mp3,https://drive.google.com/file/d/1QnoNzLU0fIbbSmXz7270IVRqIFGGBtPq/view?usp=drive_link,Activities,Hindi
295,थाथू और मैं .mp3,https://drive.google.com/file/d/14DaYy-HvYMuOT8SjdwobvV7_E9HGbadQ/view?usp=drive_link,Activities,Hindi
296,चाय बनाने के लिए.mp3,https://drive.google.com/file/d/1en1jQmVPzPqStQRVXAa2kEI3Oc3ENqtM/view?usp=drive_link,Activities,Hindi
297,वारली चित्रशैली.mp3,https://drive.google.com/file/d/1yjCEVcuG4IVc3MRKeDVD9InwMi4eKAKO/view?usp=drive_link,Activities,Hindi
298,आम की टोकरी.mp3,https://drive.google.com/file/d/17pVPybhUMCZVmJvvRgSe0lue2x2ZByWQ/view?usp=drive_link,Rhymes,Hindi
299,बंदर गया खेत में भाग.mp3,https://drive.google.com/file/d/1n9YgvlnBh2Y17D-dcum13mK3eiDCVgNq/view?usp=drive_link,Rhymes,Hindi
300,भगदड़.mp3,https://drive.google.com/file/d/1LkxvEKi_5HRecOWUkOJa3NRkS9zrSy5B/view?usp=drive_link,Rhymes,Hindi
301,चकई के चक दुम.mp3,https://drive.google.com/file/d/1upSOjAomDnTYpxoDEWSxFCLIeq5tp0ZR/view?usp=drive_link,Rhymes,Hindi
302,चार चने.mp3,https://drive.google.com/file/d/1AED2K4lPY13dES113eGSh6bvw85n6tI3/view?usp=drive_link,Rhymes,Hindi
303,छोटी का कमाल.mp3,https://drive.google.com/file/d/1rHF1Jr3qUbxFsSO-fJ3ABKGuBFzRq8Na/view?usp=drive_link,Rhymes,Hindi
304,छुक छुक गाड़ी.mp3,https://drive.google.com/file/d/1JpEvBfRj5JtfFjPgauBUI_AkkomQ0JjE/view?usp=drive_link,Rhymes,Hindi
305,चूहों म्याऊं सो रही है.mp3,https://drive.google.com/file/d/11437XapOB-U_GXSLXJ5WSwMGGN67GFn8/view?usp=drive_link,Rhymes,Hindi
306,हाथी चल्लम चल्लम.mp3,https://drive.google.com/file/d/1ivvF03iZzagpUEkdfDdJ9aEaSwGHedYH/view?usp=drive_link,Rhymes,Hindi
307,झूला.mp3,https://drive.google.com/file/d/1mM3uT0pCOtMZ2BDjrIhWoZqAjOos8JV1/view?usp=drive_link,Rhymes,Hindi
308,मकड़ी ककड़ी लकड़ी.mp3,https://drive.google.com/file/d/1iCnzBckrruyL5V6LnLziBI0ssJfQgx_R/view?usp=drive_link,Rhymes,Hindi
309,पगड़ी.mp3,https://drive.google.com/file/d/16kOPDAgwNeh0YhbCxB9PYHQG6zMtxltV/view?usp=drive_link,Rhymes,Hindi
310,पकौड़ी.mp3,https://drive.google.com/file/d/1lthy2uota9V1vhbk_LGkScFWzVcWKei4/view?usp=drive_link,Rhymes,Hindi
311,पतंग.mp3,https://drive.google.com/file/d/18E1kOWXZ2i05TxRFZeEc-EOJAEo_74hE/view?usp=drive_link,Rhymes,Hindi
312,पुराने बच्चे.mp3,https://drive.google.com/file/d/1vdarGCbjeJH0SbGWmSw_pTe53ctMsqic/view?usp=drive_link,Rhymes,Hindi
313,रसोईघर.mp3,https://drive.google.com/file/d/1nLsUMKyWRK4oqMVMdc_AmxH4pLOC2X30/view?usp=drive_link,Rhymes,Hindi
314,आम की टोकरी.mp3,https://drive.google.com/file/d/1OTnSDALoByh-bWyBKNvKSUUhegOR4nQB/view?usp=drive_link,Songs,Hindi
315,बंदर गया खेत में भाग.mp3,https://drive.google.com/file/d/179m-k2raY8CR-JjS7VpEAWlc5uysBKTB/view?usp=drive_link,Songs,Hindi
316,भगदड़.mp3,https://drive.google.com/file/d/1utd8XJIqbC7iJxBKzR9LW6FvIE4SHs6i/view?usp=drive_link,Songs,Hindi
317,चकई के चक दुम.mp3,https://drive.google.com/file/d/1RCPyQTaCRjWv4HwS2RsezhcsfFUdLB-v/view?usp=drive_link,Songs,Hindi
318,चार चने.mp3,https://drive.google.com/file/d/1aCKcQgBQbTR9rQNIQaG-TT8bP5lhA0mA/view?usp=drive_link,Songs,Hindi
319,छोटी का कमाल.mp3,https://drive.google.com/file/d/1ttO5FwmvW9-cPbeh800v38fc6hyYpfNh/view?usp=drive_link,Songs,Hindi
320,छुक छुक गाड़ी.mp3,https://drive.google.com/file/d/1OOXhFwL-jZnI3nAVI0DXAN7FJQ96nnBo/view?usp=drive_link,Songs,Hindi
321,चूहों म्याऊं सो रही है.mp3,https://drive.google.com/file/d/1ikdSqWfMsLY_DE85YyYYwvrSKftDyoRk/view?usp=drive_link,Songs,Hindi
322,हाथी चल्लम चल्लम.mp3,https://drive.google.com/file/d/1DrbSDmad4gw5vIobpd6MSy8UX3o5EbUJ/view?usp=drive_link,Songs,Hindi
323,झूला.mp3,https://drive.google.com/file/d/1orJcJ36zabRNBhvhsFFl6uT4uTo8BJfN/view?usp=drive_link,Songs,Hindi
324,मकड़ी ककड़ी लकड़ी.mp3,https://drive.google.com/file/d/1bHJuU8Hs5xmmm5RKqEgxDbTpaYQoCoW5/view?usp=drive_link,Songs,Hindi
325,पगड़ी.mp3,https://drive.google.com/file/d/1Gz08A3R-8SQUuwmXmk6ubaGKOFeD_Zmh/view?usp=drive_link,Songs,Hindi
326,पकौड़ी.mp3,https://drive.google.com/file/d/12fWTksCSJQEqiP3qGHkgxY35ZgQqBWY-/view?usp=drive_link,Songs,Hindi
327,पतंग.mp3,https://drive.google.com/file/d/1nzvMfsXtHgZDI6Ko_c9hV_m7FM9-9ls2/view?usp=drive_link,Songs,Hindi
328,पुराने बच्चे.mp3,https://drive.google.com/file/d/1DA6-w8bH03FVgkS-ldyrO8PaMfkOLj8n/view?usp=drive_link,Songs,Hindi
329,रसोईघर.mp3,https://drive.google.com/file/d/193Lq-DnfcHU6Onjj_01JFB5EJTPkIajJ/view?usp=drive_link,Songs,Hindi
330,बंदर और गिलहरी.mp3,https://drive.google.com/file/d/1Vviw624C_IfnjN_jcbtGCOBohPrg9rmB/view?usp=drive_link,Stories,Hindi
331,गेंद बल्ला.mp3,https://drive.google.com/file/d/1MmiKOa_EHrmyJzlk-dujjuakqVUUwRJ_/view?usp=drive_link,Stories,Hindi
332,हलीम चला चाँद पर.mp3,https://drive.google.com/file/d/1IVvb5KJ4YTeTcnTY-AKMVyRiqnqyWXOV/view?usp=drive_link,Stories,Hindi
333,लालू और पीलू.mp3,https://drive.google.com/file/d/1llIpE4T79BvANgR_3-AFeygz3P8pPMqX/view?usp=drive_link,Stories,Hindi
334,मैं भी.mp3,https://drive.google.com/file/d/13ExhLKWDhkJUk0zMskxrw1Z10Vj7MizU/view?usp=drive_link,Stories,Hindi
335,सात पूँछ का चूहा.mp3,https://drive.google.com/file/d/1ipwwbcjwqhXvU-7VLrVdPYYqIV7LQglw/view?usp=drive_link,Stories,Hindi
336,सच्चा दोस्त.mp3,https://drive.google.com/file/d/1ijWI7bvx-_nWMCFoYeeBVkhp32IDSS3C/view?usp=drive_link,Stories,Hindi
337,बुलबुल.mp3,https://drive.google.com/file/d/10QG5tq83K2F37IM42403XTBu50qJUYef/view?usp=drive_link,Activities,Hindi
338,टेसू.mp3,https://drive.google.com/file/d/10DOTObv3wXtEWTv5Fj540uwMgMIdZXvJ/view?usp=drive_link,Activities,Hindi
339,बाघ का बच्चा.mp3,https://drive.google.com/file/d/13nynqpJYUoVvQo3sGNKgKSH_9PLL1Oh4/view?usp=drive_link,Rhymes,Hindi
340,बहुत हुआ.mp3,https://drive.google.com/file/d/1gu2X4pnrgFA04FTBOQYrO8QppibXtggB/view?usp=drive_link,Rhymes,Hindi
341,काले मेघा पानी दे.mp3,https://drive.google.com/file/d/1yWNLWDcc6ImflcQaJA87jk4qLN8f7y5z/view?usp=drive_link,Rhymes,Hindi
342,म्याऊँ म्याऊँ.mp3,https://drive.google.com/file/d/12gfo66IEfUQMbTXZmFMh0tSXfm-LxNPf/view?usp=drive_link,Rhymes,Hindi
343,ऊँट चला.mp3,https://drive.google.com/file/d/1B9Ro3fI0HIB6gO1xO-PFKJp7EyEPLNaT/view?usp=drive_link,Rhymes,Hindi
344,सावन का गीत.mp3,https://drive.google.com/file/d/16X8MgR3QHhaPtW7iKrKquId3UnlY3XWg/view?usp=drive_link,Rhymes,Hindi
345,सूरज जल्दी आना जी.mp3,https://drive.google.com/file/d/1pZj_Z6eiiuNuCqJ7_FOF1fSfzhDwg9oN/view?usp=drive_link,Rhymes,Hindi
346,टेसू राजा बीच बाज़ार.mp3,https://drive.google.com/file/d/12IwMlVqJaLMidWbeUETekHS1SnwBy3aE/view?usp=drive_link,Rhymes,Hindi
347,तितली और कली.mp3,https://drive.google.com/file/d/1gK-0AL_aZY7m2YIJ1msWoJdiTX13QG27/view?usp=drive_link,Rhymes,Hindi
348,बाघ का बच्चा.mp3,https://drive.google.com/file/d/1ihvpxZXoagSJ30XUt92eoZAIPrSGbqwh/view?usp=drive_link,Songs,Hindi
349,बहुत हुआ.mp3,https://drive.google.com/file/d/1GuyywTBCdUNG-lNbw1CqzK-yimDIO10k/view?usp=drive_link,Songs,Hindi
350,काले मेघा पानी दे.mp3,https://drive.google.com/file/d/1WFRpzkwWJ0v8F92tykJ1nSdR8jeI3xNW/view?usp=drive_link,Songs,Hindi
351,म्याऊँ म्याऊँ.mp3,https://drive.google.com/file/d/1YA_V2oEjuQAcVsKXX18czakB1wD_xNvn/view?usp=drive_link,Songs,Hindi
352,ऊँट चला.mp3,https://drive.google.com/file/d/1hw0rWnb11l5ypOtEwl-aHjI4BLrFPTtR/view?usp=drive_link,Songs,Hindi
353,सावन का गीत.mp3,https://drive.google.com/file/d/1b8_GaRTs7jR8h8RUOVu3YSzcfBJ0ir4d/view?usp=drive_link,Songs,Hindi
354,सूरज जल्दी आना जी.mp3,https://drive.google.com/file/d/1-qvF8qFHLjGODFbjS4QIN7Amg02HKyJ-/view?usp=drive_link,Songs,Hindi
355,टेसू राजा बीच बाज़ार.mp3,https://drive.google.com/file/d/1g9ZS2tQb3uL8mlEL8nSsM4yP3wA4gOEE/view?usp=drive_link,Songs,Hindi
356,टेसू.mp3,https://drive.google.com/file/d/1l3JuXhNulfILMPBTGJw-svrCmEKEhXEd/view?usp=drive_link,Songs,Hindi
357,तितली और कली.mp3,https://drive.google.com/file/d/19TkqqIC4xKOymkUJnRCNT1HcIrf9MMCO/view?usp=drive_link,Songs,Hindi
358,अधिक बलवान कौन.mp3,https://drive.google.com/file/d/1q4AtcMgB756vLYgjEcAG_tJqDJ3e1dVQ/view?usp=drive_link,Stories,Hindi
359,भालू ने खेली फ़ुटबॉल.mp3,https://drive.google.com/file/d/1WNk4vyuYqkKxqOi7ZI0S4M_69z0XrXFm/view?usp=drive_link,Stories,Hindi
360,बिल्ली कैसे रहने आई आदमी के संग.mp3,https://drive.google.com/file/d/1NAYisBSyEYnJ6YHab18Qny-NMZiasuhR/view?usp=drive_link,Stories,Hindi
361,बस के नीचे बाघ.mp3,https://drive.google.com/file/d/11t-tvXWKrJMWIuAs-SWe2ghbTtznHzsI/view?usp=drive_link,Stories,Hindi
362,दोस्त की मदद.mp3,https://drive.google.com/file/d/1K696CWWTlQwuoXi3C7_xSbobXlMU0erL/view?usp=drive_link,Stories,Hindi
363,इक्की दुक्की.mp3,https://drive.google.com/file/d/12AtfBCtJ2wKtw8ptH6DR11c0mffdLrob/view?usp=drive_link,Stories,Hindi
364,मीठी सारंगी.mp3,https://drive.google.com/file/d/1QWymOgwUSzaeiWusspkfv2xDspMoNrgN/view?usp=drive_link,Stories,Hindi
365,मेरी किताब.mp3,https://drive.google.com/file/d/1e_AEDstaba8EPQ4MOul-GbXr99wtFXN5/view?usp=drive_link,Stories,Hindi
366,नटखट चूहा.mp3,https://drive.google.com/file/d/1nYfzJjiFJPYf7O-CQEosY0MoFegkCGIL/view?usp=drive_link,Stories,Hindi
367,तेंदुए की ख़बार.mp3,https://drive.google.com/file/d/1ue3w4WTpAOLu81UirYj42UMwdE3dP-8O/view?usp=drive_link,Stories,Hindi
368,Lazy Frog.mp3,https://drive.google.com/file/d/1qn8eB51DfHMCiMPDSTqXPw8TBw_bT-65/view?usp=drive_link,Rhymes,English
369,Malu bhalu.mp3,https://drive.google.com/file/d/1VHshB3alTnVRXad4LlP7bHOcvDD50jY7/view?usp=drive_link,Rhymes,English
370,My Shadow.mp3,https://drive.google.com/file/d/1JXjciDC5hsWQ6mvZv5B-VvuhTgI1RmiW/view?usp=drive_link,Rhymes,English
371,Nobody's Friend.mp3,https://drive.google.com/file/d/10IC6jB-HYqNOMu4Cw9_OkYRxWjQi3WIN/view?usp=drive_link,Rhymes,English
372,Ant and Dove.mp3,https://drive.google.com/file/d/1q01LDS0vgxE2SfYE8XpE7DCseVvnPj5z/view?usp=drive_link,Stories,English
373,Around the World.mp3,https://drive.google.com/file/d/1heGLRGsP1BRiTYYHRwzi4YGKTO6y02HA/view?usp=drive_link,Stories,English
374,Bamboo Curry.mp3,https://drive.google.com/file/d/1L09ScXmMydoAwmtIYpjWI1kR5jlqgBPF/view?usp=drive_link,Stories,English
375,Flying Together.mp3,https://drive.google.com/file/d/1WlAJYkYypaCeseQPlg1htUauA2b2EjYj/view?usp=drive_link,Stories,English
376,Gulivers Travels.mp3,https://drive.google.com/file/d/1i0SeLCXVPojYf80AiG_6YlnIzE2h_5-M/view?usp=drive_link,Stories,English
377,My Elder Brother.mp3,https://drive.google.com/file/d/12DTnXPAZAvvvlhIpCLwGqS21rC1XSvBQ/view?usp=drive_link,Stories,English
378,Rip Van Vinkle.mp3,https://drive.google.com/file/d/1K7LiQ_Peg5RT-fLITul97ih75Nv1D7Rh/view?usp=drive_link,Stories,English
379,Robinson Cruso.mp3,https://drive.google.com/file/d/1C7355b2BZINhrtHOxSLzzCDszqLNJD6H/view?usp=drive_link,Stories,English
380,Talkative Barber.mp3,https://drive.google.com/file/d/1d1WthHPGJ5AsGnyVVi6mV6_g7dsSgXHs/view?usp=drive_link,Stories,English
381,The Little Bully.mp3,https://drive.google.com/file/d/1T0zVyNzLZKVO5sLwCPlo_iucRt8dzyVT/view?usp=drive_link,Stories,English
382,Who will be the Ningthou.mp3,https://drive.google.com/file/d/1RIbX_0r2LKECOho_iGWORgL0bRDgAwTJ/view?usp=drive_link,Stories,English
383,Wonderful Waste.mp3,https://drive.google.com/file/d/1jIqLLyANCTgyljxj2uzFSqx8EcLUUEEG/view?usp=drive_link,Stories,English
384,बाल गीत.mp3,https://drive.google.com/file/d/1YKWa8YqCgelHT3wIkCLEoB3imsoihyJs/view?usp=share_link,Songs,Hindi
385,बच्चों खूब निहारो.mp3,https://drive.google.com/file/d/1U-mVY382gHXGe326AH4X3J62fk-sknkR/view?usp=share_link,Songs,Hindi
386,हे भगवान दो वरदान.mp3,https://drive.google.com/file/d/1ZxyHVMdFPiYGEu-w5QEPBU6Ljq2Ks-K6/view?usp=share_link,Songs,Hindi
387,नाव.mp3,https://drive.google.com/file/d/16qkHxbAInYQhbZqLJYtsCkBvbqk7LEVh/view?usp=share_link,Songs,Hindi
388,सब्ज़ियाँ.mp3,https://drive.google.com/file/d/1OTLw2Vvb3fUQOL9lF_IO6fdP5lM3Kk0Y/view?usp=share_link,Songs,Hindi
389,स्वच्छ रहो.mp3,https://drive.google.com/file/d/1Tmd2TbaX_rX3EDgVkjPAKnmCBDpmbJr2/view?usp=sharing,Songs,Hindi
390,तोता.mp3,https://drive.google.com/file/d/1dCHSLVkEhSK8A148tp5zjZMjg4tQ2DLl/view?usp=share_link,Songs,Hindi
391,आओ खेले खेल.mp3,https://drive.google.com/file/d/1CLGII5kQS5QMItXYlzzbnUoZIkNME0tp/view?usp=share_link,Activities,Hindi
392,चंदा के गाँव में.mp3,https://drive.google.com/file/d/1CQ0sTkWKbHIu_eJZZH1OWbS6sfjca0iI/view?usp=share_link,Activities,Hindi
393,चिड़िया का खेल.mp3,https://drive.google.com/file/d/11FatYQIrFhj46_YNxS0zNxsL6mHHtQGF/view?usp=sharing,Activities,Hindi
394,सियार और बकरी का खेल.mp3,https://drive.google.com/file/d/1hIF2Db-bUbf8c76IsCzVvCRzOvdI8Hbr/view?usp=share_link,Activities,Hindi
395,बगीचे की सैर.mp3,https://drive.google.com/file/d/1_UE0JBJpHa8roWQkoHnEEgnUoV-lbihG/view?usp=share_link,Stories,Hindi
396,चिम्पू बंदर.mp3,https://drive.google.com/file/d/1-VoHqQZ9AXvi9VkTrFTgUrNhzAlX1sIp/view?usp=share_link,Stories,Hindi
397,गाजर.mp3,https://drive.google.com/file/d/1WBgaeJ16mGPCx2PbCxP6M3lZ2ysSEX7y/view?usp=share_link,Stories,Hindi
398,मुनिया की छतरी.mp3,https://drive.google.com/file/d/1TlFEF5QwNl5pKuMqo_hfEgcI9aZHIUIR/view?usp=share_link,Stories,Hindi
399,सोनू और मोनू की गेंद.mp3,https://drive.google.com/file/d/1E14M0rD5Chthhs5am_8c6lSP4_DVoC10/view?usp=share_link,Stories,Hindi
400,चिड़िया.mp3,https://drive.google.com/file/d/1lap_Ypo-zuwi7GP8y3nDbti3rxozVniz/view?usp=share_link,Rhymes,Hindi
401,धरती माँ.mp3,https://drive.google.com/file/d/1GCB0rOv7gkJziYEKjg8gPuJqYzFmYRkZ/view?usp=share_link,Rhymes,Hindi
402,सब्ज़ियाँ.mp3,https://drive.google.com/file/d/1S1szu9Yc9q1FQdMJfK9LJ6eOVHrNyv8F/view?usp=share_link,Rhymes,Hindi
403,सड़क.mp3,https://drive.google.com/file/d/1GwXoRt2KKd0VFCk28a6TXIs1INtS8Jnp/view?usp=share_link,Rhymes,Hindi
404,तारे.mp3,https://drive.google.com/file/d/1fySZOxV-Y1w0_OFkZC33xz2E-dVlM_J5/view?usp=share_link,Rhymes,Hindi
405,आम.mp3,https://drive.google.com/file/d/1855Pvt9ixEG_nQJcWQrCGEGK2XpNTURp/view?usp=share_link,Riddles,Hindi
406,चाँद.mp3,https://drive.google.com/file/d/1dD-iXvLElF8cgmk3HF9jrpYn31yXaFzY/view?usp=share_link,Riddles,Hindi
407,कबूतर.mp3,https://drive.google.com/file/d/1DyrrPSsEMuj5PRdOxKTTbvtwdQgjcgcs/view?usp=share_link,Riddles,Hindi
408,केला या संतरा.mp3,https://drive.google.com/file/d/1L9cbvkEAS2WLwte8Vgq69KhpMemm51Pg/view?usp=share_link,Riddles,Hindi
409,कोयल.mp3,https://drive.google.com/file/d/16NXGt78_IAzsdnINvtOiEbouuRrKSfHr/view?usp=share_link,Riddles,Hindi
410,नाव.mp3,https://drive.google.com/file/d/1MJScgLDo7tfY_1cJuUoK3C-OWy_NMgj1/view?usp=share_link,Riddles,Hindi
411,पंखा.mp3,https://drive.google.com/file/d/1gUWUPZPS206Wm9MQD7rk-dbKRD9uCQch/view?usp=share_link,Riddles,Hindi
412,तरबूज़.mp3,https://drive.google.com/file/d/196yB2XXygP3kjHcGIxHqtanUUhi0c1_8/view?usp=share_link,Riddles,Hindi
413,Health and hygiene.mp3,https://drive.google.com/file/d/1siEFbX6MUhTk8zK6KlRsMH1-tvLYGm05/view?usp=share_link,Rhymes,English
414,Myself and Family.mp3,https://drive.google.com/file/d/1q7j2ZRzrHnr60UihsBg3bqtNmL4ukp8D/view?usp=share_link,Rhymes,English
415,Pre-Number concepts.mp3,https://drive.google.com/file/d/1LS1bF9i3ZCztZHY30YfSjcqCjhx429FU/view?usp=share_link,Rhymes,English
416,Seed.mp3,https://drive.google.com/file/d/1504Vjf2nq43mUU7tPiMBKUb4SzjnMXDg/view?usp=share_link,Rhymes,English
417,Spatial Relationship.mp3,https://drive.google.com/file/d/13DSvfFwPkqVcHPxQsuC_JDdUvU6T1eBn/view?usp=share_link,Rhymes,English
418,हमसे सब कहते हैं.mp3,https://drive.google.com/file/d/1AnTTk6XUHxD4DEWE_1YOu1kpGn-ZcaKb/view?usp=drive_link,Rhymes,Hindi
419,कक्कू.mp3,https://drive.google.com/file/d/1GsLHFg9kTDynF_FrJYdeM-5DZSrLSF6y/view?usp=drive_link,Rhymes,Hindi
420,मन करता है.mp3,https://drive.google.com/file/d/1CYZcQ7yzrAFwtMD0aUDsfue-5wYqj0-t/view?usp=drive_link,Rhymes,Hindi
421,मिर्च का मज़ा.mp3,https://drive.google.com/file/d/13IQRgccatxcBN_yNbS75tka5FCHTD0CO/view?usp=drive_link,Rhymes,Hindi
422,नाना नानी के नाम.mp3,https://drive.google.com/file/d/1tVKqqq-6DnfbpZHVD7sRtIujwyrhUXup/view?usp=drive_link,Rhymes,Hindi
423,पत्तियों का चिड़ियाघर.mp3,https://drive.google.com/file/d/18_Vs8hGDWDPlGZME-JaJwDlJieYZmpMm/view?usp=drive_link,Rhymes,Hindi
424,हमसे सब कहते हैं.mp3,https://drive.google.com/file/d/1a-QcTY0tmLGVGPo6027Dz4Sq8aLQCVdc/view?usp=drive_link,Songs,Hindi
425,कक्कू.mp3,https://drive.google.com/file/d/1Gj1qu5XN-S8flIRsVIQZ50Nc30TSGD1R/view?usp=drive_link,Songs,Hindi
426,मन करता है.mp3,https://drive.google.com/file/d/1UvPgB_KOj5GAc9iLxtTiTF_P5eVMHFAR/view?usp=drive_link,Songs,Hindi
427,मिर्च का मज़ा.mp3,https://drive.google.com/file/d/1Y4rKf61hMqNTB5xuGiBgvj19MKGtA8Nr/view?usp=drive_link,Songs,Hindi
428,नाना नानी के नाम.mp3,https://drive.google.com/file/d/1x8NuEmB7DdLl8S7oK43n2wQS8iDIgym1/view?usp=drive_link,Songs,Hindi
429,पत्तियों का चिड़ियाघर.mp3,https://drive.google.com/file/d/17e6znbtoSI1yd1Vx9ug1il7dump3R8_g/view?usp=drive_link,Songs,Hindi
430,बहादुर बित्तो.mp3,https://drive.google.com/file/d/1Sg5CFKshZ6GuRstz5gdj5kGYb8LXMGY1/view?usp=drive_link,Songs,Hindi
431,बंदर बाँट.mp3,https://drive.google.com/file/d/1VtsHHtcqxbymX3ZVU4GopFPiQCtcCTYJ/view?usp=drive_link,Stories,Hindi
432,चाँद वाली अम्मा.mp3,https://drive.google.com/file/d/1rdFOPdhsuUEA4aJ-iVf08hzmjlWXk1pX/view?usp=drive_link,Stories,Hindi
433,जब मुझे साँप ने काटा.mp3,https://drive.google.com/file/d/11QvQDivCRN06fCENabw6IO4ETATqCaiw/view?usp=drive_link,Stories,Hindi
434,कब आऊँ.mp3,https://drive.google.com/file/d/1q65UqswFzZTotY84aj0blOmKmzxvsPWf/view?usp=drive_link,Stories,Hindi
435,मूस की मज़दूरी.mp3,https://drive.google.com/file/d/1zMlECGHe4njXk0jkxgd0i7XCUXfPnK9P/view?usp=drive_link,Stories,Hindi
436,सबसे अच्छा पेड़.mp3,https://drive.google.com/file/d/1UUmxrxwRcGIJZUj6SrpTQPfH5YdOK4t1/view?usp=drive_link,Stories,Hindi
437,शेखीबाज़ मक्खी.mp3,https://drive.google.com/file/d/1LmzmwQm5o5OMo2ngYXtCSe8KHzQxU0qf/view?usp=drive_link,Stories,Hindi
438,टिप टिपवा.mp3,https://drive.google.com/file/d/168l_jKl19xqanoupx04DMlHolup5qbb1/view?usp=drive_link,Stories,Hindi
439,Books.mp3,https://drive.google.com/file/d/1pqPJYjp9JF1IO9B_mIPG5vJAfqQyAGBS/view?usp=drive_link,Rhymes,English
440,Cruel Boy.mp3,https://drive.google.com/file/d/1OLfHrQVjgLhc42t1Zyk_isawIEANJiXJ/view?usp=drive_link,Rhymes,English
441,Don't be Afraid of the Dark.mp3,https://drive.google.com/file/d/17hpNbHC4lM4RVLbX6OdwWEfFMHEuYfqA/view?usp=drive_link,Rhymes,English
442,Don't Give Up.mp3,https://drive.google.com/file/d/1rWtIhAD1dFTzKex7Z7ATWlE0M8hALnrU/view?usp=drive_link,Rhymes,English
443,Going to buy a book.mp3,https://drive.google.com/file/d/1XXW6dLZCkD476R6MPKGOTh0Cktg_wVsT/view?usp=drive_link,Rhymes,English
444,Haiawatha.mp3,https://drive.google.com/file/d/1fR5uOOq7qErkLKPhmC7Bndv7xjnhSx3T/view?usp=drive_link,Rhymes,English
445,Noses.mp3,https://drive.google.com/file/d/1EeUb74s7WJf2PVABgDitZy0cOClbTAEo/view?usp=drive_link,Rhymes,English
446,Pretty Peep.mp3,https://drive.google.com/file/d/1tS6EUJj73e0aL3JD0McEOFcpqLsbGUDl/view?usp=drive_link,Rhymes,English
447,Run.mp3,https://drive.google.com/file/d/1dd9q4DHzrdXxhAraKipxV6bOipPMVmxv/view?usp=drive_link,Rhymes,English
448,The Donkey and Little Ponny.mp3,https://drive.google.com/file/d/11F4P3YRwkgpgW8XlTI8rEF7Kd7Ns5S_P/view?usp=drive_link,Rhymes,English
449,The man in an onion bed.mp3,https://drive.google.com/file/d/1CCLC1Gxr7inXGP_yVVcZEKzjy3aW3zXo/view?usp=drive_link,Rhymes,English
450,The Naughty Boy.mp3,https://drive.google.com/file/d/1vGhTxsf5CdJebhqRgJ9R9gr0wx_o_Ptl/view?usp=drive_link,Rhymes,English
451,Wake up.mp3,https://drive.google.com/file/d/1BDJtJkLT1QMroW8dz5vtvW6kPDSAknow/view?usp=drive_link,Rhymes,English
452,Watering rhyme.mp3,https://drive.google.com/file/d/1InVZOVkCChXHyn-iv4EdPqfPEJkxS3X9/view?usp=drive_link,Rhymes,English
453,What is it.mp3,https://drive.google.com/file/d/1oWizCuVNX99CS3JDnmnzanXOf6SpNmj9/view?usp=drive_link,Rhymes,English
454,Why.mp3,https://drive.google.com/file/d/1PnVULVHAHWPXhwltI4nHUXa7BZl5K2Xz/view?usp=drive_link,Rhymes,English
455,Don't be Afraid of the Dark.mp3,https://drive.google.com/file/d/1S5ljnfYe85MT559YfSSePww7gbzMZI1_/view?usp=drive_link,Songs,English
456,Don't Give Up.mp3,https://drive.google.com/file/d/18VV2p1LCle9cx6QqZZtc9IRQ2tKzBoQg/view?usp=drive_link,Songs,English
457,Noses.mp3,https://drive.google.com/file/d/1AlDSGVWqZLvWaTQA4_1ct7iy8KObamHW/view?usp=drive_link,Songs,English
458,Pretty Peep.mp3,https://drive.google.com/file/d/1Oi75Yywbiarfk2S8J2pDrT6MaWf_WkOW/view?usp=drive_link,Songs,English
459,Run.mp3,https://drive.google.com/file/d/1pLIc5JnF_0qYEr3Es00zBOLQhRMn6WtK/view?usp=drive_link,Songs,English
460,The Donkey and Little Ponny.mp3,https://drive.google.com/file/d/1cIwoqgebcTWVWD6FXCKxB98i_I21IQu5/view?usp=drive_link,Songs,English
461,The man in an onion bed.mp3,https://drive.google.com/file/d/1uHvMtYZyosof4eEZtpUR3FTD4OYJjd0d/view?usp=drive_link,Songs,English
462,Wake up.mp3,https://drive.google.com/file/d/1F21DeV-171F_D7oEDfVK8hSqQaYed612/view?usp=drive_link,Songs,English
463,What is it.mp3,https://drive.google.com/file/d/1M4Z9uVdSvnmm6pFjtnLA7QX6IBuxAS_1/view?usp=drive_link,Songs,English
464,Across the wall.mp3,https://drive.google.com/file/d/1rd_Pi-Jv7epLeCocrygJhPxfy3ez4SYP/view?usp=drive_link,Activities,English
465,Think what will happen if.mp3,https://drive.google.com/file/d/1oPQxOUHGpIXo-dn-GiqSfspxv4chc2br/view?usp=drive_link,Activities,English
466,When the Earth shook.mp3,https://drive.google.com/file/d/1hkaNIApIXC2S_cNRX5EwBSL251cwYGk_/view?usp=drive_link,Activities,English
467,Did you know this.mp3,https://drive.google.com/file/d/1cfauU8682y6c_b6rOfgX40EIskZnhkyp/view?usp=drive_link,Songs,English
468,Martin's Window.mp3,https://drive.google.com/file/d/1j0dImDRmN0h6phuACmSsbXMw_qPFsij1/view?usp=drive_link,Songs,English
469,Think what will happen if.mp3,https://drive.google.com/file/d/1mMtD6oShSNMuQpCzOqIl6Ri_2nYZpHOI/view?usp=drive_link,Songs,English
470,Across the wall.mp3,https://drive.google.com/file/d/1YkoWnAIBN6yZz4UWbA0hPzZ-HeObJHZE/view?usp=drive_link,Stories,English
471,Games we play.mp3,https://drive.google.com/file/d/1rQQAJ1SBqx1tZO1FhLJ2ObxEoTN7lEW5/view?usp=drive_link,Stories,English
472,Martin's Window.mp3,https://drive.google.com/file/d/1tVZuQKnOx1Q6xM8G-pI4KarhMUKvUkCF/view?usp=drive_link,Stories,English
473,When the Earth shook.mp3,https://drive.google.com/file/d/1rUp8sPpjDFU2nYKJp5WmECgnfMr11PTM/view?usp=drive_link,Stories,English
474,Sing a Song.mp3,https://drive.google.com/file/d/1fCCHN4PeXitMMzdEjBwgiaTcr6kAR0xG/view?usp=drive_link,Activities,English
475,Bird Talk -.mp3,https://drive.google.com/file/d/17cUSGx9M_FAb9f_mFSbPRzPegB_2weHR/view?usp=share_link,Rhymes,English
476,Bruno-.mp3,https://drive.google.com/file/d/1pVW8iMhtxwMOZTUEsNjuoWy797bIGh__/view?usp=share_link,Rhymes,English
477,Dont-Tell-.mp3,https://drive.google.com/file/d/1yyBqgkjan74h4WYgiqNU-XsnyOHacL1m/view?usp=share_link,Rhymes,English
478,Good Morning-.mp3,https://drive.google.com/file/d/1yyBqgkjan74h4WYgiqNU-XsnyOHacL1m/view?usp=share_link,Rhymes,English
479,Hands-.mp3,https://drive.google.com/file/d/11tPNkcDlvy-pGPWHD2KhunCaIc7-LvVa/view?usp=share_link,Rhymes,English
480,How Creatures Move -.mp3,https://drive.google.com/file/d/1x4SonB_kTn2dD6R7Rsj1aTmYRa6QDeDB/view?usp=share_link,Rhymes,English
481,Little-By-Little-.mp3,https://drive.google.com/file/d/10BazIH3MGnGJEbv4lTJVRqLsjyNh8jus/view?usp=share_link,Rhymes,English
482,Mail B0x-.mp3,https://drive.google.com/file/d/1MNJFZCnSt_KL9fKI6Yn4qz-GqfX5lkdB/view?usp=share_link,Rhymes,English
483,Puppy and I -.mp3,https://drive.google.com/file/d/164P50snlgrzok6bIGbqXHh5ayxksfU7B/view?usp=share_link,Rhymes,English
484,Race.mp3,https://drive.google.com/file/d/1gKyYsTXqh3bPMha5C8FfNuh6LyxIY4lt/view?usp=share_link,Rhymes,English
485,The-Balloon-Man-.mp3,https://drive.google.com/file/d/17c7HydxhRUO1PqwZVKW_CYhRPx6SHGXq/view?usp=share_link,Rhymes,English
486,Trains-.mp3,https://drive.google.com/file/d/1ZOgETg33c_JrQ7ofqNCiohsk1bwh16Lz/view?usp=share_link,Rhymes,English
487,Bird Talk -Song,https://drive.google.com/file/d/1SNqlLHsSXjgT0oAgAUH8xRBThFvvNbv3/view?usp=share_link,Rhymes,English
488,Good Morning-Song.mp3,https://drive.google.com/file/d/1ZKRWPJDyjyyMuorpnG7-cg-eHv4DSiD5/view?usp=share_link,Rhymes,English
489,Sea -Song.mp3,https://drive.google.com/file/d/1wxCmU8UibuHh3LWfRxYBre4a03EdyJSH/view?usp=share_link,Rhymes,English
490,Sun -Song.mp3,https://drive.google.com/file/d/16BKyINPmypAlnIkqdEUB_IgrKGRpIvnB/view?usp=share_link,Rhymes,English
491,Trains-Song.mp3,https://drive.google.com/file/d/1LyA1Svf5cYhRp0mihWy15Z79-2OAFZBR/view?usp=share_link,Rhymes,English
492,A treat for mosquitoes.mp3,https://drive.google.com/file/d/1a9PTxTg2PjLvZWDM1zKBl3yiLcsoGl9f/view?usp=drive_link,Stories,English
493,A treat for mosquitoes.mp3,https://drive.google.com/file/d/1S7oyCDOStWLj50Vc5IozyNhv0PQ4Y8pc/view?usp=drive_link,Activities,English
494,Who am I- 1.mp3,https://drive.google.com/file/d/1fWIamn_lCoCWI3FYKLn52HuvN83OC9uY/view?usp=drive_link,Riddles,English
495,Who am I- 2.mp3,https://drive.google.com/file/d/1phthHM62Y5C7IHXxRYu7Zp4pPgkSMQ7k/view?usp=drive_link,Riddles,English
496,Who am I- 3.mp3,https://drive.google.com/file/d/15hUQqayfJDSQytEycEfyeMWLE0qlXNVw/view?usp=drive_link,Riddles,English
497,Who am I- 4.mp3,https://drive.google.com/file/d/1ym1T1jrQi766ds46pQFSGTvatLwiKvJh/view?usp=drive_link,Riddles,English
498,प्रश्न 01.mp3,https://drive.google.com/file/d/14nBL5w4cVNEIsZ_07edbdulYxcwp6Mmu/view?usp=drive_link,Questions,Hindi
499,प्रश्न 02.mp3,https://drive.google.com/file/d/1JhixWhNcYvoPRgbXedL9DZVw0NaNJ-Cx/view?usp=drive_link,Questions,Hindi
500,प्रश्न 03.mp3,https://drive.google.com/file/d/10gTAlKgZHiA6_r0rf9CGbbGGFJ33bI_Z/view?usp=drive_link,Questions,Hindi
501,प्रश्न 04.mp3,https://drive.google.com/file/d/1NO3Uqwul1JW_fv5h-fln1nVffYNbeN5Q/view?usp=drive_link,Questions,Hindi
502,प्रश्न 05.mp3,https://drive.google.com/file/d/1nf6SdY-FL7VPC_lXsrmiN17CEbrP_bjp/view?usp=drive_link,Questions,Hindi
503,प्रश्न 06.mp3,https://drive.google.com/file/d/1euqTh9QaNec_jSmfX-d3hef67MJrNSeo/view?usp=drive_link,Questions,Hindi
504,प्रश्न 07.mp3,https://drive.google.com/file/d/1yrNBd_Zx10Yspiqlf1yfZhxUCdLGT1lK/view?usp=drive_link,Questions,Hindi
505,प्रश्न 08.mp3,https://drive.google.com/file/d/1K688DeqVT_hDciK0o-UqGLCgbpVTlMvK/view?usp=drive_link,Questions,Hindi
506,प्रश्न 09.mp3,https://drive.google.com/file/d/1pketrTP2jP4_tVNCwwwrFns6z-bsq3iI/view?usp=drive_link,Questions,Hindi
507,प्रश्न 10.mp3,https://drive.google.com/file/d/11Sy1PvMAsSMDfyCBW-aqvYeZrhka7r5s/view?usp=drive_link,Questions,Hindi
508,प्रश्न 11.mp3,https://drive.google.com/file/d/1XZLnPThr3OC-J26G86-W34ZLEpIbMhLE/view?usp=drive_link,Questions,Hindi
509,प्रश्न 12.mp3,https://drive.google.com/file/d/1sk68VnhDjfj_ocxqOt6SlcQzipZgiLk5/view?usp=drive_link,Questions,Hindi
510,प्रश्न 13.mp3,https://drive.google.com/file/d/19T7JFjvJcpD0GCWErAbqQa2lJeAY9jA4/view?usp=drive_link,Questions,Hindi
511,प्रश्न 14.mp3,https://drive.google.com/file/d/1cIdEAmh_K7tN8vvu4HsP7G94lY_UCGEa/view?usp=drive_link,Questions,Hindi
512,प्रश्न 15.mp3,https://drive.google.com/file/d/1evKRTGbddh7apsHWSmeY3N5KkzNQ64m5/view?usp=drive_link,Questions,Hindi
513,प्रश्न 16.mp3,https://drive.google.com/file/d/1ruRy5q7MAbIquhcyC6dFfHwG4VjGn_sE/view?usp=drive_link,Questions,Hindi
514,प्रश्न 17.mp3,https://drive.google.com/file/d/1lY23c-xzNWi7sK-CWaFifyUlhWmOCfjS/view?usp=drive_link,Questions,Hindi
515,प्रश्न 18.mp3,https://drive.google.com/file/d/1aZsDPE_IOddUrsXtk3wnR-wesXJm3k5h/view?usp=drive_link,Questions,Hindi
516,प्रश्न 19.mp3,https://drive.google.com/file/d/1jqlpr5jhH5UvPqej6O5J4ltb4ZVZYR-W/view?usp=drive_link,Questions,Hindi
517,प्रश्न 20.mp3,https://drive.google.com/file/d/1jTNSCGWCdZvtib6Wi7hRJcuDuWI5EZ4V/view?usp=drive_link,Questions,Hindi
518,प्रश्न 21.mp3,https://drive.google.com/file/d/1xUiX2SRkXiG2ZGyMtdHVftRWd1ps3N0J/view?usp=drive_link,Questions,Hindi
519,प्रश्न 22.mp3,https://drive.google.com/file/d/1y4udiERA_IHoo32dFWiPhbn_O4bPH4P4/view?usp=drive_link,Questions,Hindi
520,प्रश्न 23.mp3,https://drive.google.com/file/d/1ptopZ_tTAVg-9zCeXdB022429QUCv-TK/view?usp=drive_link,Questions,Hindi
521,प्रश्न 24.mp3,https://drive.google.com/file/d/1TmMCbBwcLUoBV7yYsn77caG23e4lPVqD/view?usp=drive_link,Questions,Hindi
522,प्रश्न 25.mp3,https://drive.google.com/file/d/1wKf_jwsDrdoXQO-vKOdIE_enVTNPljHI/view?usp=drive_link,Questions,Hindi
523,प्रश्न 26.mp3,https://drive.google.com/file/d/161vX7FPOH8KtZz9tme_UzXesXm5XhsPZ/view?usp=drive_link,Questions,Hindi
524,Question 1.mp3,https://drive.google.com/file/d/15WMNxmL9hBME4tRBX4KsxdyqPyzkruYt/view?usp=drive_link,Questions,English
525,Question 2.mp3,https://drive.google.com/file/d/1I_w3MeNKj3BizigQIjLhoFeBEQanaMNW/view?usp=drive_link,Questions,English
526,Question 3.mp3,https://drive.google.com/file/d/1zxNzQPH4EDQy-Xum-V6CLcOCI9vEvv9E/view?usp=drive_link,Questions,English
527,Question 4.mp3,https://drive.google.com/file/d/1pjjI-28h2JbmUKB13YjCgQ6kF4fW3-xJ/view?usp=drive_link,Questions,English
528,Question 5.mp3,https://drive.google.com/file/d/1K7Lzqxtl9x-L-FYs2S9pJsSmTLsW0we-/view?usp=drive_link,Questions,English
529,Question 6.mp3,https://drive.google.com/file/d/1udNdeU7f4mNPbvwVlHMGVmb3lvAKm7MH/view?usp=drive_link,Questions,English
530,Question 7.mp3,https://drive.google.com/file/d/1CBeSlRK5QDaxulTWBGBTh-xyW0mU_gRE/view?usp=drive_link,Questions,English
531,Question 8.mp3,https://drive.google.com/file/d/1-FdvBKmrC1n_MnWpLg9p_DGXxu5HyJwe/view?usp=drive_link,Questions,English
532,Question 9.mp3,https://drive.google.com/file/d/1gH22owm0kLu47f8Ia3NkVJ3S045KC_WI/view?usp=drive_link,Questions,English
533,Question 10.mp3,https://drive.google.com/file/d/1y0D_ZKkGmW3BlVbLXKI-YW3Vn2vu3nCT/view?usp=drive_link,Questions,English
534,Question 11.mp3,https://drive.google.com/file/d/1F_N_NGXZdmA9U0QmR0_UHDFpYrunLiHQ/view?usp=drive_link,Questions,English
535,Question 12.mp3,https://drive.google.com/file/d/1g1Zc3PF8XTFRV9gfEs4f_Uwgk2BI0Dcd/view?usp=drive_link,Questions,English
536,Question 13.mp3,https://drive.google.com/file/d/1hQaOY27kxnG_Fcn-Tyz8TKjn8ac2RFvn/view?usp=drive_link,Questions,English
537,Question 14.mp3,https://drive.google.com/file/d/1RUDAercrVxR_fJAV7gmgFBnXajCG_9go/view?usp=drive_link,Questions,English
538,Question 15.mp3,https://drive.google.com/file/d/1HseNpZdZ-HCZM3nwwav1_3kF5ISkFxU1/view?usp=drive_link,Questions,English
539,Question 16.mp3,https://drive.google.com/file/d/1JeLyI-6fKn_ggiLSW58ZI5EnXN4VsAwF/view?usp=drive_link,Questions,English
540,Question 17.mp3,https://drive.google.com/file/d/1SAySHTwyol36VAVXnJJprH10CbSvEg8z/view?usp=drive_link,Questions,English
541,Question 18.mp3,https://drive.google.com/file/d/14jDsUC0pcTbZE1meH_QNpA0BHcjFcYUP/view?usp=drive_link,Questions,English
542,Question 19.mp3,https://drive.google.com/file/d/1yLPsJttv98JZTI8KF5Y5rKiMybKwfw7I/view?usp=drive_link,Questions,English
543,Question 20.mp3,https://drive.google.com/file/d/19oJGKhSQ57rZGYLvPX8E84xdAC_mCjbe/view?usp=drive_link,Questions,English
544,Question 21.mp3,https://drive.google.com/file/d/10H2AZvdURhz3CH2_DK8t7IANHfsv9jtY/view?usp=drive_link,Questions,English
545,Question 22.mp3,https://drive.google.com/file/d/1f7dK1Sm9tuZOVSmJXldUjIxRFa4dEUG7/view?usp=drive_link,Questions,English
546,Question 23.mp3,https://drive.google.com/file/d/1DuHK1dDE6kUqN93CV_CeD88R14sByn_V/view?usp=drive_link,Questions,English
547,Question 24.mp3,https://drive.google.com/file/d/1gt_Yd5DEDtfZ5q-zUfL5UHNEBzAa9tc7/view?usp=drive_link,Questions,English
548,Question 25.mp3,https://drive.google.com/file/d/1eqA0Qrh12rsh1kxf9By-gA8ZuZKXXiGx/view?usp=drive_link,Questions,English
549,Question 26.mp3,https://drive.google.com/file/d/19kp2CAzkyvIkNa3_Ea1Y_jlefWYslrmb/view?usp=drive_link,Questions,English